MUNICIPIOS;Cultura;Tipo;Ano;Nº  PRODUTORES;PRODUÇÃO COLHIDA (t);ÁREA COLHIDA (ha);PREÇO   (R$/KG);PRODUTIVIDADE    (t/ha);FATURAMENTO BRUTO(R$)
Duas Barras ;Abacate;Fruticultura;2019;27;23.6;1.4;1.4697;16.86;34.685.00
Rio de Janeiro ;Abacate;Fruticultura;2019;28;122.19;16.18;1.1493;7.55;140.429.40
Trajano de Morais ;Abacate;Fruticultura;2019;10;30;2;1.6;15;48.000.00
Varre-Sai ;Abacate;Fruticultura;2019;1;21;9;2;2.33;42.000.00
Cachoeiras de Macacu ;Abacaxi;Fruticultura;2019;2;22.5;0.8;0.8;28.13;18.000.00
Campos dos Goytacases ;Abacaxi;Fruticultura;2019;197;4.710.00;242;1.3866;19.46;6.530.750.00
São Francisco de Itabapoana ;Abacaxi;Fruticultura;2019;409;101.780.00;4.056.00;1.1704;25.09;119.120.000.00
São João da Barra ;Abacaxi;Fruticultura;2019;141;9.371.00;304;1.6156;30.83;15.139.890.00
São Pedro da Aldeia ;Abacaxi;Fruticultura;2019;2;49;2.25;1.9347;21.78;94.800.00
Silva Jardim ;Abacaxi;Fruticultura;2019;9;114;7;2.4123;16.29;275.000.00
Araruama ;Acerola;Fruticultura;2019;5;22.65;3.5;1.15;6.47;26.047.50
Cachoeiras de Macacu ;Acerola;Fruticultura;2019;1;4.8;2.5;10;1.92;48.000.00
Angra dos Reis ;Banana;Fruticultura;2019;33;204;26.5;3.5;7.7;714.000.00
Areal ;Banana;Fruticultura;2019;2;48.34;6.27;1.7286;7.71;83.559.60
Barra do Pirai ;Banana;Fruticultura;2019;6;71.65;6;2.964;11.94;212.369.00
Cambuci ;Banana;Fruticultura;2019;30;778;40;1.3465;19.45;1.047.550.00
Casimiro de Abreu ;Banana;Fruticultura;2019;112;1.690.00;180;1.2379;9.39;2.092.000.00
Comendador Levy Gasparian ;Banana;Fruticultura;2019;3;48.39;6.2;1.689;7.8;81.730.80
Conceição de Macabu ;Banana;Fruticultura;2019;17;113;12.5;2.1615;9.04;244.250.00
Guapimirim ;Banana;Fruticultura;2019;40;1.196.00;167;1.5568;7.16;1.861.900.00
Itaboraí ;Banana;Fruticultura;2019;14;302.26;27.9;0.9883;10.83;298.710.00
Itaguaí ;Banana;Fruticultura;2019;80;1.840.00;320;1.481;5.75;2.725.000.00
Italva ;Banana;Fruticultura;2019;10;222;25;1.2832;8.88;284.860.00
Laje do Muriae ;Banana;Fruticultura;2019;2;9.5;0.8;1.8947;11.88;18.000.00
Macaé ;Banana;Fruticultura;2019;10;542.9;30;2.1336;18.1;1.158.332.00
Magé ;Banana;Fruticultura;2019;24;436;61;1.9388;7.15;845.300.00
Maricá ;Banana;Fruticultura;2019;9;114.5;10.5;0.8886;10.9;101.750.00
Mendes ;Banana;Fruticultura;2019;5;80.35;12;2.8007;6.7;225.037.50
Miracema ;Banana;Fruticultura;2019;6;249.24;28.08;2.4401;8.88;608.174.50
Natividade ;Banana;Fruticultura;2019;1;6.53;1;1.4234;6.53;9.295.00
Paracambi ;Banana;Fruticultura;2019;60;436.5;65;2.1993;6.72;960.000.00
Paraty ;Banana;Fruticultura;2019;280;1.439.00;180;5.0651;7.99;7.288.700.00
Petrópolis ;Banana;Fruticultura;2019;31;218.5;18.9;1.7068;11.56;372.925.00
Porciúncula ;Banana;Fruticultura;2019;18;287;16;1.0333;17.94;296.550.00
Porto Real ;Banana;Fruticultura;2019;4;73.8;11.5;3.3169;6.42;244.785.00
Quatis ;Banana;Fruticultura;2019;4;73;12;2.7627;6.08;201.675.00
Rio das Flores ;Banana;Fruticultura;2019;4;18.15;1.4;1.7076;12.96;30.992.50
Rio das Ostras ;Banana;Fruticultura;2019;7;33.2;10.2;1.8438;3.25;61.213.00
Santo Antônio de Pádua ;Banana;Fruticultura;2019;22;140.4;13;2.0692;10.8;290.520.00
São Fidélis ;Banana;Fruticultura;2019;33;138.72;21.28;0.677;6.52;93.911.50
Seropédica ;Banana;Fruticultura;2019;129;2.997.00;727;0.9914;4.12;2.971.150.00
Tanguá ;Banana;Fruticultura;2019;12;120.9;10;1.0382;12.09;125.515.00
Três Rios ;Banana;Fruticultura;2019;4;41.82;4.6;1.7319;9.09;72.427.40
Valença ;Banana;Fruticultura;2019;23;509.65;92.04;3.3006;5.54;1.682.166.00
Bom Jardim ;Banana Nanica;Fruticultura;2019;170;946;75;0.6194;12.61;585.970.00
Bom Jesus do Itabapoana ;Banana Nanica;Fruticultura;2019;4;55.5;4.9;0.5143;11.33;28.545.00
Cachoeiras de Macacu ;Banana Nanica;Fruticultura;2019;30;236;23.7;0.914;9.96;215.700.00
Campos dos Goytacases ;Banana Nanica;Fruticultura;2019;54;253;24.5;1.1762;10.33;297.570.00
Cordeiro ;Banana Nanica;Fruticultura;2019;2;45;3.6;1.1667;12.5;52.500.00
Duque de Caxias ;Banana Nanica;Fruticultura;2019;15;311;51;2.5828;6.1;803.250.00
Engenheiro Paulo de Frontin ;Banana Nanica;Fruticultura;2019;15;86.5;10.7;1.7526;8.08;151.600.00
Japeri ;Banana Nanica;Fruticultura;2019;65;583;57;0.7786;10.23;453.900.00
Macaé ;Banana Nanica;Fruticultura;2019;38;688;109.1;0.4798;6.31;330.100.00
Niterói ;Banana Nanica;Fruticultura;2019;3;33;3;1.95;11;64.350.00
Nova Friburgo ;Banana Nanica;Fruticultura;2019;84;1.214.45;102;1.7422;11.91;2.115.770.00
Nova Iguaçu ;Banana Nanica;Fruticultura;2019;135;777;115;0.757;6.76;588.170.00
Pinheiral ;Banana Nanica;Fruticultura;2019;13;423.5;36.3;1.8809;11.67;796.561.00
Piraí ;Banana Nanica;Fruticultura;2019;30;1.894.20;239.61;1.7013;7.91;3.222.577.00
Queimados ;Banana Nanica;Fruticultura;2019;22;102.5;6.02;0.9268;17.03;95.000.00
Rio Bonito ;Banana Nanica;Fruticultura;2019;70;1.785.00;124;0.8479;14.4;1.513.500.00
Rio Claro ;Banana Nanica;Fruticultura;2019;8;1.484.73;108.7;2.0034;13.66;2.974.494.50
Rio de Janeiro ;Banana Nanica;Fruticultura;2019;45;629.73;54.6;0.877;11.53;552.282.00
Santa Maria Madalena ;Banana Nanica;Fruticultura;2019;24;7.960.57;568.52;1.4079;14;11.207.684.10
São Gonçalo ;Banana Nanica;Fruticultura;2019;15;88;8;1.9195;11;168.916.00
Silva Jardim ;Banana Nanica;Fruticultura;2019;52;1.510.00;120;0.7868;12.58;1.188.000.00
Sumidouro ;Banana Nanica;Fruticultura;2019;48;2.171.20;158;1.0684;13.74;2.319.752.00
Trajano de Morais ;Banana Nanica;Fruticultura;2019;92;3.812.00;317;1.5497;12.03;5.907.440.00
Varre-Sai ;Banana Nanica;Fruticultura;2019;3;36.5;6;0.9975;6.08;36.410.00
Vassouras ;Banana Nanica;Fruticultura;2019;7;40.1;3.6;2.2057;11.14;88.450.00
Armação dos Búzios ;Banana Prata;Fruticultura;2019;4;36.3;3;2.8711;12.1;104.220.00
Bom Jardim ;Banana Prata;Fruticultura;2019;85;242;24;0.8986;10.08;217.470.00
Cabo Frio ;Banana Prata;Fruticultura;2019;7;88;9;2.777;9.78;244.375.00
Cachoeiras de Macacu ;Banana Prata;Fruticultura;2019;70;1.574.00;147;1.0175;10.71;1.601.600.00
Campos dos Goytacases ;Banana Prata;Fruticultura;2019;56;251;24.8;1.6508;10.12;414.350.00
Carmo ;Banana Prata;Fruticultura;2019;5;14.12;1.22;1.6357;11.57;23.095.70
Cordeiro ;Banana Prata;Fruticultura;2019;2;72;6.3;1.3;11.43;93.600.00
Duas Barras ;Banana Prata;Fruticultura;2019;55;811;61.6;1.434;13.17;1.162.950.00
Duque de Caxias ;Banana Prata;Fruticultura;2019;20;639;90.5;3.3375;7.06;2.132.650.00
Engenheiro Paulo de Frontin ;Banana Prata;Fruticultura;2019;19;160.5;18.35;1.9414;8.75;311.600.00
Iguaba Grande ;Banana Prata;Fruticultura;2019;3;20.1;2;3.3159;10.05;66.650.00
Itaperuna ;Banana Prata;Fruticultura;2019;2;120.9;9.4;1.3955;12.86;168.720.00
Japeri ;Banana Prata;Fruticultura;2019;99;850;69;0.867;12.32;736.940.00
Laje do Muriae ;Banana Prata;Fruticultura;2019;3;29.2;1.75;1.8527;16.69;54.100.00
Macaé ;Banana Prata;Fruticultura;2019;47;640;112.11;0.5287;5.71;338.350.00
Mangaratiba ;Banana Prata;Fruticultura;2019;240;20.204.00;2.830.00;1.5112;7.14;30.532.000.00
Maricá ;Banana Prata;Fruticultura;2019;30;136.12;19.5;0.8589;6.98;116.918.00
Natividade ;Banana Prata;Fruticultura;2019;1;16.58;1;1.3718;16.58;22.745.00
Niterói ;Banana Prata;Fruticultura;2019;2;16;2;2.5835;8;41.336.00
Nova Friburgo ;Banana Prata;Fruticultura;2019;60;675.3;60;2.2019;11.26;1.486.975.00
Nova Iguaçu ;Banana Prata;Fruticultura;2019;96;499;78;0.8718;6.4;435.010.00
Paraíba do Sul ;Banana Prata;Fruticultura;2019;12;311.3;28.49;2.0147;10.93;627.183.00
Pinheiral ;Banana Prata;Fruticultura;2019;13;753.3;108.22;2.4558;6.96;1.849.935.00
Piraí ;Banana Prata;Fruticultura;2019;30;801.25;133.08;2.2029;6.02;1.765.062.50
Queimados ;Banana Prata;Fruticultura;2019;22;113.75;8.72;0.9217;13.04;104.839.50
Rio Bonito ;Banana Prata;Fruticultura;2019;52;1.032.00;86;1.0233;12;1.056.000.00
Rio Claro ;Banana Prata;Fruticultura;2019;14;591.45;136.9;1.8593;4.32;1.099.666.00
Rio das Flores ;Banana Prata;Fruticultura;2019;4;7.5;1.2;1.722;6.25;12.915.00
Rio de Janeiro ;Banana Prata;Fruticultura;2019;103;3.257.60;417.72;1.1421;7.8;3.720.652.00
Santa Maria Madalena ;Banana Prata;Fruticultura;2019;10;2.640.00;240;1.8164;11;4.795.296.00
São Gonçalo ;Banana Prata;Fruticultura;2019;10;48;6;2.4345;8;116.856.00
São José do Vale do Rio Preto ;Banana Prata;Fruticultura;2019;12;150;12;1.2007;12.5;180.110.00
São Pedro da Aldeia ;Banana Prata;Fruticultura;2019;15;150.6;15;3.2967;10.04;496.480.00
Saquarema ;Banana Prata;Fruticultura;2019;210;2.660.00;502;1.1664;5.3;3.102.500.00
Silva Jardim ;Banana Prata;Fruticultura;2019;43;771;142;1.0759;5.43;829.500.00
Sumidouro ;Banana Prata;Fruticultura;2019;112;2.520.00;252;1.3822;10;3.483.200.00
Trajano de Morais ;Banana Prata;Fruticultura;2019;51;1.993.46;165.6;2.0303;12.04;4.047.347.00
Vassouras ;Banana Prata;Fruticultura;2019;14;99;9.65;2.2616;10.26;223.900.00
São Pedro da Aldeia ;Caju;Fruticultura;2019;1;4.7;0.6;1.9064;7.83;8.960.00
Cordeiro ;Caqui;Fruticultura;2019;1;570;19;3.1842;30;1.815.000.00
Duas Barras ;Caqui;Fruticultura;2019;14;469;22.5;1.1284;20.84;529.200.00
Mangaratiba ;Caqui;Fruticultura;2019;28;312;28;2.0353;11.14;635.000.00
Nova Friburgo ;Caqui;Fruticultura;2019;41;929;41;2.1413;22.66;1.989.300.00
Rio de Janeiro ;Caqui;Fruticultura;2019;59;655;40;1.4977;16.38;981.000.00
São Gonçalo ;Caqui;Fruticultura;2019;11;51;7.5;2.4904;6.8;127.010.00
São José do Vale do Rio Preto ;Caqui;Fruticultura;2019;10;6.150.00;205;0.5177;30;3.183.600.00
Sumidouro ;Caqui;Fruticultura;2019;123;4.630.00;198;2.3991;23.38;11.107.940.00
Trajano de Morais ;Caqui;Fruticultura;2019;24;170;17;2.3265;10;395.500.00
Valença ;Caqui;Fruticultura;2019;2;12.1;0.6;3.6157;20.17;43.750.00
Varre-Sai ;Caqui;Fruticultura;2019;6;27;10;2.5;2.7;67.500.00
Aperibé ;Coco Verde;Fruticultura;2019;6;80;5;1.34;16;107.200.00
Araruama ;Coco Verde;Fruticultura;2019;18;2.193.00;80;1.7277;27.41;3.788.850.00
Armação dos Búzios ;Coco Verde;Fruticultura;2019;2;16.5;1;2.9509;16.5;48.690.00
Cabo Frio ;Coco Verde;Fruticultura;2019;5;129;9;2.8589;14.33;368.800.00
Cachoeiras de Macacu ;Coco Verde;Fruticultura;2019;13;619;88;1.4661;7.03;907.500.00
Campos dos Goytacases ;Coco Verde;Fruticultura;2019;54;158;12.2;1.2703;12.95;200.700.00
Carapebus ;Coco Verde;Fruticultura;2019;3;38.5;3.5;1.0279;11;39.575.00
Duque de Caxias ;Coco Verde;Fruticultura;2019;4;107.9;8.95;2.0667;12.06;223.000.00
Guapimirim ;Coco Verde;Fruticultura;2019;5;202;28.8;1.198;7.01;242.000.00
Itaboraí ;Coco Verde;Fruticultura;2019;8;41.31;3.86;1.0387;10.7;42.909.00
Itaguaí ;Coco Verde;Fruticultura;2019;30;2.550.00;110;1.0257;23.18;2.615.500.00
Italva ;Coco Verde;Fruticultura;2019;8;376;12;1.3337;31.33;501.486.00
Itaocara ;Coco Verde;Fruticultura;2019;10;130;8;1.4346;16.25;186.500.00
Itaperuna ;Coco Verde;Fruticultura;2019;6;145.2;9.8;1.2187;14.82;176.960.00
Japeri ;Coco Verde;Fruticultura;2019;38;764;45;0.9641;16.98;736.600.00
Magé ;Coco Verde;Fruticultura;2019;11;115;11.5;1.9035;10;218.900.00
Mangaratiba ;Coco Verde;Fruticultura;2019;14;193;11;1.7777;17.55;343.100.00
Maricá ;Coco Verde;Fruticultura;2019;7;31.22;21.1;0.7945;1.48;24.805.50
Natividade ;Coco Verde;Fruticultura;2019;4;84.9;6;1.1837;14.15;100.500.00
Nova Iguaçu ;Coco Verde;Fruticultura;2019;19;320;24;0.9407;13.33;301.020.00
Paracambi ;Coco Verde;Fruticultura;2019;3;6;4;2;1.5;12.000.00
Quissamã ;Coco Verde;Fruticultura;2019;50;16.450.00;700;0.4959;23.5;8.157.500.00
Rio Bonito ;Coco Verde;Fruticultura;2019;51;3.710.00;165;1.1434;22.48;4.242.000.00
Rio das Ostras ;Coco Verde;Fruticultura;2019;4;48.2;3.5;0.975;13.77;46.994.00
Rio de Janeiro ;Coco Verde;Fruticultura;2019;56;5.030.00;324;0.9474;15.52;4.765.600.00
Santo Antônio de Pádua ;Coco Verde;Fruticultura;2019;9;180;9;1.8;20;324.000.00
São Fidélis ;Coco Verde;Fruticultura;2019;6;427.96;30;1.5;14.27;641.940.00
São Francisco de Itabapoana ;Coco Verde;Fruticultura;2019;42;188;77;1.0521;2.44;197.800.00
São Gonçalo ;Coco Verde;Fruticultura;2019;12;352.5;23.5;1.6119;15;568.200.00
São João da Barra ;Coco Verde;Fruticultura;2019;52;2.344.50;93;1.0611;25.21;2.487.700.00
São Pedro da Aldeia ;Coco Verde;Fruticultura;2019;3;239;7;1.118;34.14;267.200.00
Saquarema ;Coco Verde;Fruticultura;2019;30;1.649.00;111;1.4018;14.86;2.311.500.00
Seropédica ;Coco Verde;Fruticultura;2019;38;1.422.00;110;1.0442;12.93;1.484.900.00
Silva Jardim ;Coco Verde;Fruticultura;2019;11;353;23;0.9836;15.35;347.200.00
Tanguá ;Coco Verde;Fruticultura;2019;35;442.3;33;1.1458;13.4;506.785.00
Três Rios ;Coco Verde;Fruticultura;2019;1;39.77;3;1.7322;13.26;68.890.80
Duas Barras ;Figo;Fruticultura;2019;1;3.9;0.35;7.9077;11.14;30.840.00
Bom Jardim ;Goiaba;Fruticultura;2019;92;760;26;2.2559;29.23;1.714.500.00
Bom Jesus do Itabapoana ;Goiaba;Fruticultura;2019;5;231.5;6.5;2.2233;35.62;514.700.00
Cabo Frio ;Goiaba;Fruticultura;2019;5;55.6;3.6;1.7373;15.44;96.595.00
Cachoeiras de Macacu ;Goiaba;Fruticultura;2019;150;16.630.00;527;1.3446;31.56;22.360.000.00
Campos dos Goytacases ;Goiaba;Fruticultura;2019;12;63;5;0.919;12.6;57.900.00
Duas Barras ;Goiaba;Fruticultura;2019;2;17.2;0.69;3.4058;24.93;58.580.00
Duque de Caxias ;Goiaba;Fruticultura;2019;9;402;24.4;2.4649;16.48;990.900.00
Guapimirim ;Goiaba;Fruticultura;2019;9;563;42.1;2.0214;13.37;1.138.050.00
Itaguaí ;Goiaba;Fruticultura;2019;5;241;22;2.8631;10.95;690.000.00
Italva ;Goiaba;Fruticultura;2019;2;56.4;3;1.4716;18.8;83.000.00
Itaocara ;Goiaba;Fruticultura;2019;5;125;6;1.1224;20.83;140.300.00
Japeri ;Goiaba;Fruticultura;2019;1;68;2;2.4118;34;164.000.00
Magé ;Goiaba;Fruticultura;2019;21;624;26;2.4837;24;1.549.800.00
Nova Friburgo ;Goiaba;Fruticultura;2019;25;478.5;15.5;2.0399;30.87;976.075.00
Nova Iguaçu ;Goiaba;Fruticultura;2019;4;198;6;2.5;33;495.000.00
São Francisco de Itabapoana ;Goiaba;Fruticultura;2019;8;200;10;1.66;20;332.000.00
São João da Barra ;Goiaba;Fruticultura;2019;15;485.5;19.5;1.5154;24.9;735.750.00
São Sebastião do Alto ;Goiaba;Fruticultura;2019;2;30;1;1.3;30;39.000.00
Seropédica ;Goiaba;Fruticultura;2019;2;76.3;4.8;1.5976;15.9;121.900.00
Silva Jardim ;Goiaba;Fruticultura;2019;4;86;10;1.2465;8.6;107.200.00
Varre-Sai ;Goiaba;Fruticultura;2019;2;10.64;0.7;3;15.2;31.920.00
Itaocara ;Graviola;Fruticultura;2019;3;33;3;6.7273;11;222.000.00
Araruama ;Laranja;Fruticultura;2019;155;25.012.50;1.871.00;1.4648;13.37;36.638.075.00
Bom Jesus do Itabapoana ;Laranja;Fruticultura;2019;3;617.96;103;1.5306;6;945.840.00
Cabo Frio ;Laranja;Fruticultura;2019;8;52;7;2.575;7.43;133.900.00
Cachoeiras de Macacu ;Laranja;Fruticultura;2019;7;374;24.5;1.7557;15.27;656.650.00
Carapebus ;Laranja;Fruticultura;2019;3;37;5;1.2709;7.4;47.025.00
Casimiro de Abreu ;Laranja;Fruticultura;2019;19;201.5;26;1.6846;7.75;339.450.00
Duas Barras ;Laranja;Fruticultura;2019;42;359.6;37.8;1.1437;9.51;411.260.00
Iguaba Grande ;Laranja;Fruticultura;2019;6;31.3;3.2;1.9687;9.78;61.620.00
Itaboraí ;Laranja;Fruticultura;2019;60;3.208.90;269.5;1.3191;11.91;4.232.830.00
Japeri ;Laranja;Fruticultura;2019;30;82;18;1.9354;4.56;158.700.00
Natividade ;Laranja;Fruticultura;2019;22;504;42;1.5;12;756.000.00
Niterói ;Laranja;Fruticultura;2019;4;33;3;1.8923;11;62.447.00
Porciúncula ;Laranja;Fruticultura;2019;5;2.780.00;120;1.1306;23.17;3.143.000.00
Rio Bonito ;Laranja;Fruticultura;2019;140;16.760.00;1.200.00;1.3126;13.97;21.999.500.00
Rio das Ostras ;Laranja;Fruticultura;2019;1;20;2;1.55;10;31.000.00
São Gonçalo ;Laranja;Fruticultura;2019;55;360;30;1.8296;12;658.650.00
São José de Ubá ;Laranja;Fruticultura;2019;15;65.7;7.6;1.4307;8.64;94.000.00
São Pedro da Aldeia ;Laranja;Fruticultura;2019;10;49;7;2.0929;7;102.550.00
Saquarema ;Laranja;Fruticultura;2019;10;333;39.5;1.3036;8.43;434.100.00
Silva Jardim ;Laranja;Fruticultura;2019;15;1.490.00;129;0.9866;11.55;1.470.000.00
Sumidouro ;Laranja;Fruticultura;2019;27;235;16;1.1811;14.69;277.550.00
Tanguá ;Laranja;Fruticultura;2019;250;19.125.00;1.330.00;1.3506;14.38;25.830.200.00
Varre-Sai ;Laranja;Fruticultura;2019;2;36;12;1.6667;3;60.000.00
Araruama ;Limão;Fruticultura;2019;45;6.401.00;300;1.4346;21.34;9.182.800.00
Armação dos Búzios ;Limão;Fruticultura;2019;3;35.2;2;2.8469;17.6;100.210.00
Bom Jardim ;Limão;Fruticultura;2019;30;120;6;1.6833;20;202.000.00
Cabo Frio ;Limão;Fruticultura;2019;8;86.5;5;2.702;17.3;233.725.00
Cachoeiras de Macacu ;Limão;Fruticultura;2019;70;954;48;1.4287;19.88;1.363.000.00
Carapebus ;Limão;Fruticultura;2019;3;22.5;4;1.64;5.63;36.900.00
Carmo ;Limão;Fruticultura;2019;1;3.25;0.18;1.7192;18.06;5.587.50
Duas Barras ;Limão;Fruticultura;2019;12;112.1;7.7;2.6471;14.56;296.740.00
Duque de Caxias ;Limão;Fruticultura;2019;3;39.4;3.7;2.6431;10.65;104.140.00
Engenheiro Paulo de Frontin ;Limão;Fruticultura;2019;3;7;0.2;0.9571;35;6.700.00
Iguaba Grande ;Limão;Fruticultura;2019;6;40.6;3;3.5761;13.53;145.190.00
Itaboraí ;Limão;Fruticultura;2019;9;128.18;7.6;1.2567;16.87;161.085.00
Itaocara ;Limão;Fruticultura;2019;5;78;6;1.5783;13;123.110.00
Japeri ;Limão;Fruticultura;2019;11;22.5;7;2.1;3.21;47.250.00
Mangaratiba ;Limão;Fruticultura;2019;12;224;12;2.1107;18.67;472.800.00
Maricá ;Limão;Fruticultura;2019;2;83.02;4.61;0.8108;18.01;67.310.00
Petrópolis ;Limão;Fruticultura;2019;11;222.5;19.5;1.7955;11.41;399.500.00
Piraí ;Limão;Fruticultura;2019;4;47.3;2.12;1.9822;22.31;93.760.00
Porciúncula ;Limão;Fruticultura;2019;1;770;35;2.4714;22;1.903.000.00
Queimados ;Limão;Fruticultura;2019;6;8.63;0.87;2.8136;9.92;24.281.50
Rio Bonito ;Limão;Fruticultura;2019;95;11.200.00;560;1.9857;20;22.240.000.00
Rio das Ostras ;Limão;Fruticultura;2019;2;15;1.5;1.9333;10;29.000.00
São Gonçalo ;Limão;Fruticultura;2019;22;243.02;18;2.302;13.5;559.428.90
São Pedro da Aldeia ;Limão;Fruticultura;2019;10;105.6;6;2.7282;17.6;288.100.00
Saquarema ;Limão;Fruticultura;2019;39;496;42;1.7833;11.81;884.500.00
Silva Jardim ;Limão;Fruticultura;2019;10;1.015.00;60;1.0512;16.92;1.067.000.00
Tanguá ;Limão;Fruticultura;2019;22;1.544.00;62;1.2959;24.9;2.000.900.00
Cachoeiras de Macacu ;Lixia;Fruticultura;2019;3;3.6;0.6;10;6;36.000.00
Varre-Sai ;Lixia;Fruticultura;2019;1;12;4;10;3;120.000.00
Aperibé ;Maracujá;Fruticultura;2019;10;36;2;0.8;18;28.800.00
Campos dos Goytacases ;Maracujá;Fruticultura;2019;42;60;7;0.65;8.57;39.000.00
Cardoso Moreira ;Maracujá;Fruticultura;2019;1;3;2;2;1.5;6.000.00
Itaboraí ;Maracujá;Fruticultura;2019;10;156;7.2;0.8;21.67;124.800.00
Itaocara ;Maracujá;Fruticultura;2019;55;1.000.00;50;0.702;20;702.000.00
Queimados ;Maracujá;Fruticultura;2019;13;31;2.6;1.9961;11.92;61.880.00
São Fidélis ;Maracujá;Fruticultura;2019;15;185.62;12.66;1.394;14.66;258.754.00
São Francisco de Itabapoana ;Maracujá;Fruticultura;2019;3;120;6;0.5;20;60.000.00
São Gonçalo ;Maracujá;Fruticultura;2019;35;880;40;1.5531;22;1.366.750.00
Seropédica ;Maracujá;Fruticultura;2019;9;171;8;0.8327;21.38;142.400.00
Duas Barras ;Pessego;Fruticultura;2019;1;3;0.3;5.12;10;15.360.00
Bom Jesus do Itabapoana ;Pinha;Fruticultura;2019;1;3;2;8.1333;1.5;24.400.00
Araruama ;Tangerina;Fruticultura;2019;12;177;11.3;1.4395;15.66;254.800.00
Areal ;Tangerina;Fruticultura;2019;2;37.67;2;0.6084;18.84;22.920.00
Cachoeiras de Macacu ;Tangerina;Fruticultura;2019;12;78;7;1.859;11.14;145.000.00
Porciúncula ;Tangerina;Fruticultura;2019;1;690;40;1.6598;17.25;1.145.250.00
Rio Bonito ;Tangerina;Fruticultura;2019;38;4.350.00;174;1.2822;25;5.577.500.00
Rio Claro ;Tangerina;Fruticultura;2019;2;17.12;1;1.8186;17.12;31.134.00
Tanguá ;Tangerina;Fruticultura;2019;12;423;8;1.34;52.88;566.800.00
Araruama ;Tangerina Poncã;Fruticultura;2019;24;2.769.00;131;1.4409;21.14;3.989.900.00
Bom Jardim ;Tangerina Poncã;Fruticultura;2019;34;237.5;9.5;2.2895;25;543.750.00
Bom Jesus do Itabapoana ;Tangerina Poncã;Fruticultura;2019;1;45;2;0.6667;22.5;30.000.00
Cardoso Moreira ;Tangerina Poncã;Fruticultura;2019;1;16.65;3;1;5.55;16.650.00
Duas Barras ;Tangerina Poncã;Fruticultura;2019;60;751;56;1.0652;13.41;800.000.00
Itaboraí ;Tangerina Poncã;Fruticultura;2019;24;301.15;15.45;1.2908;19.49;388.715.00
Laje do Muriae ;Tangerina Poncã;Fruticultura;2019;2;19;1;1.4053;19;26.700.00
Macaé ;Tangerina Poncã;Fruticultura;2019;1;2;0.4;1.8;5;3.600.00
Petrópolis ;Tangerina Poncã;Fruticultura;2019;7;100;4;1.278;25;127.800.00
Porciúncula ;Tangerina Poncã;Fruticultura;2019;8;640;40;0.3555;16;227.500.00
Rio Bonito ;Tangerina Poncã;Fruticultura;2019;23;1.875.00;75;1.252;25;2.347.500.00
Rio Claro ;Tangerina Poncã;Fruticultura;2019;2;24.45;1.3;1.5685;18.81;38.350.00
Rio das Flores ;Tangerina Poncã;Fruticultura;2019;1;73;4;1.4925;18.25;108.950.00
São Gonçalo ;Tangerina Poncã;Fruticultura;2019;18;32.45;6.5;1.4344;4.99;46.547.00
São José do Vale do Rio Preto ;Tangerina Poncã;Fruticultura;2019;87;7.800.00;260;0.751;30;5.857.500.00
São Pedro da Aldeia ;Tangerina Poncã;Fruticultura;2019;10;70;6;2.0271;11.67;141.900.00
Sapucaia ;Tangerina Poncã;Fruticultura;2019;70;2.240.00;140;2.1143;16;4.736.000.00
Silva Jardim ;Tangerina Poncã;Fruticultura;2019;4;178;8;0.6562;22.25;116.800.00
Sumidouro ;Tangerina Poncã;Fruticultura;2019;110;2.284.00;108;1.6321;21.15;3.727.780.00
Teresópolis ;Tangerina Poncã;Fruticultura;2019;131;8.125.00;460;0.7429;17.66;6.036.000.00
Três Rios ;Tangerina Poncã;Fruticultura;2019;2;36.18;2;1.2;18.09;43.416.00
Varre-Sai ;Tangerina Poncã;Fruticultura;2019;4;100;14;1.47;7.14;147.000.00
Bom Jesus do Itabapoana ;Uva;Fruticultura;2019;1;42.8;4;5.9783;10.7;255.870.00
Cambuci ;Uva;Fruticultura;2019;2;1.7;1;7.5;1.7;12.750.00
Cardoso Moreira ;Uva;Fruticultura;2019;1;24.36;4.5;7.044;5.41;171.593.00
Paraíba do Sul ;Uva;Fruticultura;2019;1;1.6;1.8;9;0.89;14.400.00
Rio das Ostras ;Uva;Fruticultura;2019;1;3;0.6;10.75;5;32.250.00
São Fidélis ;Uva;Fruticultura;2019;2;11.2;0.8;10.4442;14;116.974.80
São José de Ubá ;Uva;Fruticultura;2019;4;30;4.5;6.4;6.67;192.000.00
São José do Vale do Rio Preto ;Uva;Fruticultura;2019;1;8;1.25;7;6.4;56.000.00
Cantagalo ;Arroz;Grãos;2019;13;31;9;1.75;3.44;54.250.00
Italva ;Arroz;Grãos;2019;16;59;12.4;8.5072;4.76;501.925.00
Itaperuna ;Arroz;Grãos;2019;10;21;7;2.2;3;46.200.00
Macaé ;Arroz;Grãos;2019;2;507.6;207;0.84;2.45;426.384.00
Bom Jardim ;Café;Grãos;2019;124;1.608.00;1.090.00;6.3945;1.48;10.282.300.00
Bom Jesus do Itabapoana ;Café;Grãos;2019;317;835;723;5.2066;1.15;4.347.500.00
Campos dos Goytacases ;Café;Grãos;2019;14;19;21;5;0.9;95.000.00
Duas Barras ;Café;Grãos;2019;18;769;305;6.2389;2.52;4.797.700.00
Duque de Caxias ;Café;Grãos;2019;3;8.15;4.5;6;1.81;48.900.00
Itaperuna ;Café;Grãos;2019;6;11.6;10;5.9552;1.16;69.080.00
Natividade ;Café;Grãos;2019;12;33.6;28;5.18;1.2;174.048.00
Porciúncula ;Café;Grãos;2019;839;4.424.00;4.841.00;5.2992;0.91;23.443.700.00
São José do Vale do Rio Preto ;Café;Grãos;2019;11;1.381.50;614;5.8813;2.25;8.124.975.00
Trajano de Morais ;Café;Grãos;2019;6;69;35;4.1043;1.97;283.200.00
Varre-Sai ;Café;Grãos;2019;1.200;4.690.00;5.000.00;5.1478;0.94;24.143.000.00
Aperibé ;Feijão;Grãos;2019;5;5;5;4;1;20.000.00
Araruama ;Feijão;Grãos;2019;29;11.05;12.3;3.9896;0.9;44.085.00
Bom Jardim ;Feijão;Grãos;2019;186;117.6;98;2.2745;1.2;267.480.00
Bom Jesus do Itabapoana ;Feijão;Grãos;2019;35;22.5;25;3.352;0.9;75.420.00
Cabo Frio ;Feijão;Grãos;2019;7;5.8;6.8;7.0276;0.85;40.760.00
Cachoeiras de Macacu ;Feijão;Grãos;2019;22;25.5;12.2;2.1275;2.09;54.250.00
Cantagalo ;Feijão;Grãos;2019;4;3;3;4.5;1;13.500.00
Carmo ;Feijão;Grãos;2019;15;11;10;3.41;1.1;37.510.00
Casimiro de Abreu ;Feijão;Grãos;2019;25;32.4;33;5.1235;0.98;166.000.00
Duas Barras ;Feijão;Grãos;2019;40;12.46;11.2;3.2856;1.11;40.938.00
Italva ;Feijão;Grãos;2019;42;27.65;26;3.6462;1.06;100.818.00
Itaperuna ;Feijão;Grãos;2019;20;13.2;15;3.3636;0.88;44.400.00
Macaé ;Feijão;Grãos;2019;3;215;72.59;3.2223;2.96;692.800.00
Macuco ;Feijão;Grãos;2019;5;5;3;3.4;1.67;17.000.00
Magé ;Feijão;Grãos;2019;8;7.2;7;6;1.03;43.200.00
Natividade ;Feijão;Grãos;2019;8;4.8;8;3;0.6;14.400.00
Nova Friburgo ;Feijão;Grãos;2019;27;12.14;10.6;3.3696;1.15;40.907.00
Porciúncula ;Feijão;Grãos;2019;121;131.5;145;3.3726;0.91;443.500.00
Porto Real ;Feijão;Grãos;2019;9;4.1;5;3.5159;0.82;14.415.00
Quissamã ;Feijão;Grãos;2019;25;74;56.5;2.2169;1.31;164.050.00
Rio Bonito ;Feijão;Grãos;2019;9;7;7;1.7143;1;12.000.00
Rio Claro ;Feijão;Grãos;2019;25;64.65;40;5.849;1.62;378.140.00
Rio das Flores ;Feijão;Grãos;2019;33;23.5;19.75;3.5226;1.19;82.780.00
Rio das Ostras ;Feijão;Grãos;2019;37;9.62;36.6;8.0603;0.26;77.540.00
Santa Maria Madalena ;Feijão;Grãos;2019;19;21.52;21.36;5.5674;1.01;119.810.00
Santo Antônio de Pádua ;Feijão;Grãos;2019;36;14.6;24;4.2425;0.61;61.940.00
São Fidélis ;Feijão;Grãos;2019;15;9.5;14.85;2.4932;0.64;23.685.80
Sapucaia ;Feijão;Grãos;2019;20;20;20;2;1;40.000.00
Trajano de Morais ;Feijão;Grãos;2019;37;26;24;3.4308;1.08;89.200.00
Valença ;Feijão;Grãos;2019;24;13.88;13.1;5.5628;1.06;77.211.00
Varre-Sai ;Feijão;Grãos;2019;160;300;267;3.3333;1.12;1.000.000.00
Aperibé ;Milho;Grãos;2019;8;44;22;0.8;2;35.200.00
Araruama ;Milho;Grãos;2019;6;7.4;4;0.7338;1.85;5.430.00
Bom Jardim ;Milho;Grãos;2019;99;264;88;0.5457;3;144.060.00
Bom Jesus do Itabapoana ;Milho;Grãos;2019;21;77;41.6;0.7109;1.85;54.740.00
Carapebus ;Milho;Grãos;2019;7;15.7;8;0.9809;1.96;15.400.00
Italva ;Milho;Grãos;2019;40;87;35;0.7067;2.49;61.480.00
Macaé ;Milho;Grãos;2019;2;3.825.10;520;0.8377;7.36;3.204.320.00
Porciúncula ;Milho;Grãos;2019;62;240;120;0.96;2;230.400.00
Quissamã ;Milho;Grãos;2019;22;98;55;0.7;1.78;68.600.00
Rio Claro ;Milho;Grãos;2019;14;81.44;35.5;0.8775;2.29;71.461.00
Santa Maria Madalena ;Milho;Grãos;2019;38;77.28;24.42;0.8235;3.16;63.642.50
Santo Antônio de Pádua ;Milho;Grãos;2019;78;165.6;72;0.9;2.3;149.040.00
Sapucaia ;Milho;Grãos;2019;30;144;60;1;2.4;144.000.00
Trajano de Morais ;Milho;Grãos;2019;30;30;10;0.95;3;28.500.00
Varre-Sai ;Milho;Grãos;2019;300;2.000.00;300;0.751;6.67;1.502.000.00
Barra Mansas ;Agrião;Olerícolas Folhas;2019;7;283.6;18.44;1.3447;15.38;381.365.00
Petrópolis ;Agrião;Olerícolas Folhas;2019;60;260;12.7;1.9577;20.47;509.000.00
Rio Claro ;Agrião;Olerícolas Folhas;2019;2;65.97;3.2;2.361;20.62;155.755.00
Rio de Janeiro ;Agrião;Olerícolas Folhas;2019;31;403.21;12;1.5126;33.6;609.899.00
Sumidouro ;Agrião;Olerícolas Folhas;2019;57;1.800.00;90;2.5449;20;4.580.800.00
Teresópolis ;Agrião;Olerícolas Folhas;2019;70;1.658.50;66.6;2.3142;24.9;3.838.100.00
Volta Redonda ;Agrião;Olerícolas Folhas;2019;17;139.4;7.9;2.7842;17.65;388.120.00
Armação dos Búzios ;Alface;Olerícolas Folhas;2019;6;6.9;0.67;1.8362;10.3;12.670.00
Barra do Pirai ;Alface;Olerícolas Folhas;2019;8;31.55;2.16;1.2477;14.61;39.365.00
Barra Mansas ;Alface;Olerícolas Folhas;2019;33;1.402.90;89.08;1.2652;15.75;1.775.002.50
Bom Jesus do Itabapoana ;Alface;Olerícolas Folhas;2019;7;67.7;3.4;0.8665;19.91;58.660.00
Cabo Frio ;Alface;Olerícolas Folhas;2019;1;19.2;11.8;3;1.63;57.600.00
Campos dos Goytacases ;Alface;Olerícolas Folhas;2019;37;109;7;1.6289;15.57;177.550.00
Conceição de Macabu ;Alface;Olerícolas Folhas;2019;3;7.5;0.8;2.02;9.38;15.150.00
Duas Barras ;Alface;Olerícolas Folhas;2019;13;49.9;2.5;1.3545;19.96;67.590.00
Duque de Caxias ;Alface;Olerícolas Folhas;2019;2;1.65;0.12;1.567;13.75;2.585.50
Engenheiro Paulo de Frontin ;Alface;Olerícolas Folhas;2019;9;63.5;2.6;2.863;24.42;181.800.00
Italva ;Alface;Olerícolas Folhas;2019;13;3.65;0.65;2.2799;5.62;8.321.50
Macaé ;Alface;Olerícolas Folhas;2019;12;26.4;4.57;3.2197;5.78;85.000.00
Mendes ;Alface;Olerícolas Folhas;2019;8;28.6;1.81;1.279;15.8;36.578.50
Nova Friburgo ;Alface;Olerícolas Folhas;2019;90;2.499.60;118.5;1.8393;21.09;4.597.470.00
Paraty ;Alface;Olerícolas Folhas;2019;4;57.5;4;7.4127;14.38;426.230.00
Petrópolis ;Alface;Olerícolas Folhas;2019;138;1.015.00;52.5;1.4241;19.33;1.445.450.00
Pinheiral ;Alface;Olerícolas Folhas;2019;8;55.56;3.89;2.0597;14.28;114.437.50
Piraí ;Alface;Olerícolas Folhas;2019;10;28.05;2.28;1.6314;12.3;45.760.00
Queimados ;Alface;Olerícolas Folhas;2019;3;10.99;0.73;1.0229;15.05;11.242.20
Resende ;Alface;Olerícolas Folhas;2019;4;173.55;12.65;2.122;13.72;368.269.00
Rio Claro ;Alface;Olerícolas Folhas;2019;5;152.21;8.5;2.1369;17.91;325.256.50
Rio das Ostras ;Alface;Olerícolas Folhas;2019;1;8.2;0.55;1.67;14.91;13.694.00
Rio de Janeiro ;Alface;Olerícolas Folhas;2019;35;608;34.6;1.0109;17.57;614.640.00
São Gonçalo ;Alface;Olerícolas Folhas;2019;8;78;6;1.8483;13;144.170.00
São José do Vale do Rio Preto ;Alface;Olerícolas Folhas;2019;94;800;32;1.1755;25;940.375.00
Sapucaia ;Alface;Olerícolas Folhas;2019;35;735;35;0.39;21;286.650.00
Seropédica ;Alface;Olerícolas Folhas;2019;27;365;14;2.866;26.07;1.046.100.00
Sumidouro ;Alface;Olerícolas Folhas;2019;314;8.932.00;406;1.4105;22;12.598.740.00
Teresópolis ;Alface;Olerícolas Folhas;2019;1.427;93.820.00;3.605.00;1.2234;26.02;114.781.900.00
Três Rios ;Alface;Olerícolas Folhas;2019;1;50.55;3.18;1.9692;15.9;99.542.20
Valença ;Alface;Olerícolas Folhas;2019;23;228.34;23.47;5.4112;9.73;1.235.596.00
Varre-Sai ;Alface;Olerícolas Folhas;2019;1;282;12.3;1.5631;22.93;440.800.00
Vassouras ;Alface;Olerícolas Folhas;2019;13;120;4.35;3.03;27.59;363.600.00
Volta Redonda ;Alface;Olerícolas Folhas;2019;23;286.7;15.8;3.1233;18.15;895.440.00
Macaé ;Alface*;Olerícolas Folhas;2019;1;0.05;0.02;8;2.5;400
São Gonçalo ;Alface*;Olerícolas Folhas;2019;1;43.2;4.32;2.175;10;93.960.00
Teresópolis ;Alface*;Olerícolas Folhas;2019;154;4.909.70;86.9;1.4598;56.5;7.166.950.00
Teresópolis ;Alho Porró;Olerícolas Folhas;2019;88;646.7;25;2.2871;25.87;1.479.056.00
Seropédica ;Bertalha;Olerícolas Folhas;2019;42;821;29.2;2.1478;28.12;1.763.340.00
Sumidouro ;Bertalha;Olerícolas Folhas;2019;10;425;21.25;2.3567;20;1.001.600.00
Barra Mansas ;Brócolis;Olerícolas Folhas;2019;16;421.6;30.87;2.8166;13.66;1.187.485.00
Duas Barras ;Brócolis;Olerícolas Folhas;2019;5;61.2;3.05;1.5592;20.07;95.420.00
Nova Friburgo ;Brócolis;Olerícolas Folhas;2019;555;11.837.60;666.9;2.6444;17.75;31.302.970.00
Petrópolis ;Brócolis;Olerícolas Folhas;2019;144;610;23.7;1.8648;25.74;1.137.500.00
Resende ;Brócolis;Olerícolas Folhas;2019;1;59.42;3.25;1.9769;18.28;117.466.00
Rio Claro ;Brócolis;Olerícolas Folhas;2019;2;47.3;3;2.8527;15.77;134.931.50
Rio das Ostras ;Brócolis;Olerícolas Folhas;2019;1;2.2;0.25;1.25;8.8;2.750.00
Sumidouro ;Brócolis;Olerícolas Folhas;2019;186;2.354.00;107;1.7264;22;4.063.840.00
Teresópolis ;Brócolis;Olerícolas Folhas;2019;460;10.244.20;453.3;1.2288;22.6;12.588.540.00
Três Rios ;Brócolis;Olerícolas Folhas;2019;1;6.02;0.5;2.8687;12.04;17.269.60
Volta Redonda ;Brócolis;Olerícolas Folhas;2019;10;124;6.7;3.4806;18.51;431.600.00
Barra Mansas ;Cebolinha;Olerícolas Folhas;2019;18;639.55;55.39;1.7003;11.55;1.087.402.00
Macaé ;Cebolinha;Olerícolas Folhas;2019;12;8.8;0.82;8.5341;10.73;75.100.00
Paraty ;Cebolinha;Olerícolas Folhas;2019;3;108.9;8;15.1272;13.61;1.647.350.00
Petrópolis ;Cebolinha;Olerícolas Folhas;2019;53;54;3.5;1.7231;15.43;93.045.00
Queimados ;Cebolinha;Olerícolas Folhas;2019;2;2.63;0.22;1.0049;11.95;2.642.80
Resende ;Cebolinha;Olerícolas Folhas;2019;4;24.85;3.3;2.1354;7.53;53.064.50
Rio Claro ;Cebolinha;Olerícolas Folhas;2019;3;79.3;7.5;1.6693;10.57;132.378.50
Rio de Janeiro ;Cebolinha;Olerícolas Folhas;2019;47;617.44;26.32;1.6417;23.46;1.013.681.00
Seropédica ;Cebolinha;Olerícolas Folhas;2019;27;465;16.4;3.051;28.35;1.418.700.00
Sumidouro ;Cebolinha;Olerícolas Folhas;2019;48;427.5;29.5;3.674;14.49;1.570.650.00
Teresópolis ;Cebolinha;Olerícolas Folhas;2019;340;5.359.00;334.3;2.2832;16.03;12.235.810.00
Varre-Sai ;Cebolinha;Olerícolas Folhas;2019;1;30;10.5;7.06;2.86;211.800.00
Volta Redonda ;Cebolinha;Olerícolas Folhas;2019;20;135;9.1;4.5519;14.84;614.500.00
Barra Mansas ;Chicória;Olerícolas Folhas;2019;13;431.85;18.39;1.2574;23.48;543.005.00
Resende ;Chicória;Olerícolas Folhas;2019;4;91.98;3.95;2.077;23.29;191.039.00
Rio Claro ;Chicória;Olerícolas Folhas;2019;2;87.91;3.8;1.422;23.13;125.011.50
Rio de Janeiro ;Chicória;Olerícolas Folhas;2019;31;565.99;16.73;1.0034;33.83;567.901.80
Teresópolis ;Chicória;Olerícolas Folhas;2019;483;5.598.20;189.9;0.9642;29.48;5.397.944.00
Volta Redonda ;Chicória;Olerícolas Folhas;2019;13;138.6;7.7;3.0036;18;416.300.00
Armação dos Búzios ;Coentro;Olerícolas Folhas;2019;6;4.9;1.5;2.399;3.27;11.755.00
Nova Friburgo ;Coentro;Olerícolas Folhas;2019;9;29.2;1.8;4;16.22;116.800.00
Queimados ;Coentro;Olerícolas Folhas;2019;2;2.24;0.17;1.0271;13.18;2.300.80
Sumidouro ;Coentro;Olerícolas Folhas;2019;203;2.052.00;114;5.2914;18;10.857.960.00
Teresópolis ;Coentro;Olerícolas Folhas;2019;305;1.421.70;90.7;3.4958;15.67;4.969.930.00
Volta Redonda ;Coentro;Olerícolas Folhas;2019;15;30.9;2.75;4.6411;11.24;143.410.00
Barra do Pirai ;Couve;Olerícolas Folhas;2019;7;33.65;0.87;5.8608;38.68;197.215.00
Barra Mansas ;Couve;Olerícolas Folhas;2019;19;960.46;30.83;1.2518;31.15;1.202.346.50
Bom Jesus do Itabapoana ;Couve;Olerícolas Folhas;2019;6;35.1;2.2;2.9702;15.95;104.255.00
Conceição de Macabu ;Couve;Olerícolas Folhas;2019;5;20;1.5;2;13.33;40.000.00
Duas Barras ;Couve;Olerícolas Folhas;2019;24;69;2.35;4.5156;29.36;311.575.00
Duque de Caxias ;Couve;Olerícolas Folhas;2019;3;7.9;0.31;1.3696;25.48;10.820.00
Engenheiro Paulo de Frontin ;Couve;Olerícolas Folhas;2019;9;29.5;1.7;3.0644;17.35;90.400.00
Macaé ;Couve;Olerícolas Folhas;2019;12;3;0.75;9.3333;4;28.000.00
Mendes ;Couve;Olerícolas Folhas;2019;6;38.1;0.99;5.5493;38.48;211.427.50
Miracema ;Couve;Olerícolas Folhas;2019;2;36.03;1.03;6.8538;34.98;246.941.00
Paraty ;Couve;Olerícolas Folhas;2019;3;153.7;5;7.0606;30.74;1.085.220.00
Petrópolis ;Couve;Olerícolas Folhas;2019;98;733;24;2.8172;30.54;2.065.000.00
Pinheiral ;Couve;Olerícolas Folhas;2019;8;44;1.45;8.342;30.34;367.050.00
Piraí ;Couve;Olerícolas Folhas;2019;3;46.25;1.61;7.1276;28.73;329.650.00
Queimados ;Couve;Olerícolas Folhas;2019;4;9.41;0.9;1.0185;10.46;9.583.80
Resende ;Couve;Olerícolas Folhas;2019;4;176.15;6.7;2.0329;26.29;358.095.00
Rio Claro ;Couve;Olerícolas Folhas;2019;3;659.08;18.4;6.3104;35.82;4.159.065.00
Rio das Ostras ;Couve;Olerícolas Folhas;2019;2;5.91;0.45;1.1925;13.13;7.047.50
Rio de Janeiro ;Couve;Olerícolas Folhas;2019;65;1.413.00;51.9;2.1187;27.23;2.993.700.00
São João da Barra ;Couve;Olerícolas Folhas;2019;13;54;1.2;1.8667;45;100.800.00
Seropédica ;Couve;Olerícolas Folhas;2019;36;569;19;3.6531;29.95;2.078.600.00
Sumidouro ;Couve;Olerícolas Folhas;2019;283;9.746.00;193;4.7325;50.5;46.123.100.00
Teresópolis ;Couve;Olerícolas Folhas;2019;510;20.970.00;349.5;1.5884;60;33.309.000.00
Valença ;Couve;Olerícolas Folhas;2019;29;1.154.45;27.74;4.9441;41.62;5.707.710.50
Varre-Sai ;Couve;Olerícolas Folhas;2019;2;90;5.7;2.0872;15.79;187.850.00
Vassouras ;Couve;Olerícolas Folhas;2019;12;73.5;3.35;2.6789;21.94;196.900.00
Volta Redonda ;Couve;Olerícolas Folhas;2019;20;354.5;11.5;2.7566;30.83;977.200.00
Barra do Pirai ;Couve Flor;Olerícolas Folhas;2019;1;16.8;0.73;3.3243;23.01;55.847.50
Barra Mansas ;Couve Flor;Olerícolas Folhas;2019;1;33.78;1.47;2.0666;22.98;69.809.00
Bom Jardim ;Couve Flor;Olerícolas Folhas;2019;215;2.575.00;103;1.076;25;2.770.750.00
Duas Barras ;Couve Flor;Olerícolas Folhas;2019;7;200.8;9.3;1.1789;21.59;236.730.00
Nova Friburgo ;Couve Flor;Olerícolas Folhas;2019;727;18.853.00;541.75;1.6501;34.8;31.109.900.00
Petrópolis ;Couve Flor;Olerícolas Folhas;2019;32;199;10;2.998;19.9;596.600.00
Rio Claro ;Couve Flor;Olerícolas Folhas;2019;1;87.67;3.5;2.5032;25.05;219.455.00
São José do Vale do Rio Preto ;Couve Flor;Olerícolas Folhas;2019;375;3.800.00;190;1.0946;20;4.159.400.00
Sapucaia ;Couve Flor;Olerícolas Folhas;2019;36;1.260.00;36;0.7972;35;1.004.500.00
Sumidouro ;Couve Flor;Olerícolas Folhas;2019;124;3.207.54;111;0.9399;28.9;3.014.910.10
Teresópolis ;Couve Flor;Olerícolas Folhas;2019;65;1.249.00;35.62;1.1905;35.06;1.486.900.00
Trajano de Morais ;Couve Flor;Olerícolas Folhas;2019;68;917;41.4;1.5599;22.15;1.430.414.00
Valença ;Couve Flor;Olerícolas Folhas;2019;11;157.77;4.76;5.1451;33.14;811.735.00
Barra Mansas ;Espinafre;Olerícolas Folhas;2019;5;55.5;2.39;1.2713;23.22;70.556.50
Petrópolis ;Espinafre;Olerícolas Folhas;2019;60;358;11.2;2.4672;31.96;883.240.00
São Pedro da Aldeia ;Espinafre;Olerícolas Folhas;2019;1;1.5;0.5;8.3;3;12.450.00
Teresópolis ;Espinafre;Olerícolas Folhas;2019;300;8.223.00;236.7;1.2198;34.74;10.030.100.00
Barra Mansas ;Repolho;Olerícolas Folhas;2019;3;102.2;3.52;1.4891;29.03;152.184.50
Bom Jardim ;Repolho;Olerícolas Folhas;2019;221;5.568.00;116;0.9882;48;5.502.240.00
Cordeiro ;Repolho;Olerícolas Folhas;2019;3;100;2.5;1.07;40;107.000.00
Duas Barras ;Repolho;Olerícolas Folhas;2019;66;2.515.00;60.3;0.732;41.71;1.840.900.00
Nova Friburgo ;Repolho;Olerícolas Folhas;2019;86;2.255.77;53.5;0.711;42.16;1.603.854.00
Paty do Alferes ;Repolho;Olerícolas Folhas;2019;99;1.480.79;38;0.7741;38.97;1.146.305.80
Petrópolis ;Repolho;Olerícolas Folhas;2019;29;231;7.2;0.8919;32.08;206.040.00
Rio Claro ;Repolho;Olerícolas Folhas;2019;1;88.6;3.4;2.3043;26.06;204.165.00
São José do Vale do Rio Preto ;Repolho;Olerícolas Folhas;2019;59;1.110.00;18.5;0.773;60;858.000.00
Sapucaia ;Repolho;Olerícolas Folhas;2019;41;2.378.00;41;1.0207;58;2.427.300.00
Seropédica ;Repolho;Olerícolas Folhas;2019;2;54;1;0.8889;54;48.000.00
Sumidouro ;Repolho;Olerícolas Folhas;2019;332;8.906.00;221;0.5441;40.3;4.845.870.00
Teresópolis ;Repolho;Olerícolas Folhas;2019;80;2.183.50;46.9;0.6994;46.56;1.527.230.00
Trajano de Morais ;Repolho;Olerícolas Folhas;2019;68;2.106.08;56.65;0.837;37.18;1.762.713.00
Vassouras ;Repolho;Olerícolas Folhas;2019;12;306;6.6;1.4356;46.36;439.300.00
Armação dos Búzios ;Rúcula;Olerícolas Folhas;2019;11;12.81;2.57;3.2011;4.98;41.006.00
Barra Mansas ;Rúcula;Olerícolas Folhas;2019;2;32.16;2.71;1.2977;11.87;41.733.50
Teresópolis ;Rúcula;Olerícolas Folhas;2019;56;283;24.1;3.4982;11.74;990.000.00
Volta Redonda ;Rúcula;Olerícolas Folhas;2019;15;39.3;4.9;4.4193;8.02;173.680.00
Macaé ;Rúcula*;Olerícolas Folhas;2019;1;0.03;0.01;7.5;3;225
Teresópolis ;Rúcula*;Olerícolas Folhas;2019;50;1.497.00;36.7;4.5104;40.79;6.752.000.00
Barra Mansas ;Salsa;Olerícolas Folhas;2019;18;515.05;21.78;1.6942;23.65;872.615.00
Macaé ;Salsa;Olerícolas Folhas;2019;12;1.5;0.27;8.8;5.56;13.200.00
Nova Friburgo ;Salsa;Olerícolas Folhas;2019;79;1.166.40;31.58;3.0596;36.93;3.568.660.00
Paraty ;Salsa;Olerícolas Folhas;2019;3;145.2;8;8.043;18.15;1.167.850.00
Petrópolis ;Salsa;Olerícolas Folhas;2019;63;647;22.8;1.7424;28.38;1.127.330.00
Queimados ;Salsa;Olerícolas Folhas;2019;3;2.14;0.21;1.2664;10.19;2.710.00
Resende ;Salsa;Olerícolas Folhas;2019;3;56.25;2.55;1.2704;22.06;71.460.00
Rio Claro ;Salsa;Olerícolas Folhas;2019;3;158.26;7.85;3.2096;20.16;507.949.00
Rio das Ostras ;Salsa;Olerícolas Folhas;2019;1;0.7;0.03;2.7;23.33;1.890.00
Rio de Janeiro ;Salsa;Olerícolas Folhas;2019;44;891.6;27.39;1.7623;32.55;1.571.295.00
Seropédica ;Salsa;Olerícolas Folhas;2019;31;508;19.4;3.2224;26.19;1.637.000.00
Sumidouro ;Salsa;Olerícolas Folhas;2019;132;2.380.00;68;2.3672;35;5.633.950.00
Teresópolis ;Salsa;Olerícolas Folhas;2019;100;1.507.50;42.9;1.7288;35.14;2.606.100.00
Volta Redonda ;Salsa;Olerícolas Folhas;2019;10;135;9.1;4.6259;14.84;624.500.00
Aperibé ;Abobora;Olerícolas Frutas;2019;2;12;1;1.65;12;19.800.00
Araruama ;Abobora;Olerícolas Frutas;2019;24;342;22.5;1.0395;15.2;355.500.00
Armação dos Búzios ;Abobora;Olerícolas Frutas;2019;12;29.2;2.6;1.8074;11.23;52.775.00
Bom Jesus do Itabapoana ;Abobora;Olerícolas Frutas;2019;3;294;28;1.7218;10.5;506.200.00
Cabo Frio ;Abobora;Olerícolas Frutas;2019;17;77;7.6;1.8857;10.13;145.200.00
Cachoeiras de Macacu ;Abobora;Olerícolas Frutas;2019;40;196;20.3;1.4393;9.66;282.100.00
Campos dos Goytacases ;Abobora;Olerícolas Frutas;2019;19;131;12;0.8592;10.92;112.550.00
Cantagalo ;Abobora;Olerícolas Frutas;2019;1;13;1;1;13;13.000.00
Carapebus ;Abobora;Olerícolas Frutas;2019;5;32;5;1.1227;6.4;35.925.00
Carmo ;Abobora;Olerícolas Frutas;2019;4;37.5;2.5;1.114;15;41.775.00
Casimiro de Abreu ;Abobora;Olerícolas Frutas;2019;11;195;17;2.1154;11.47;412.500.00
Conceição de Macabu ;Abobora;Olerícolas Frutas;2019;3;11.4;0.88;2.1421;12.95;24.420.00
Cordeiro ;Abobora;Olerícolas Frutas;2019;5;295;15;0.978;19.67;288.500.00
Duas Barras ;Abobora;Olerícolas Frutas;2019;36;377.5;25.8;1.395;14.63;526.600.00
Guapimirim ;Abobora;Olerícolas Frutas;2019;4;36;2.8;1.8611;12.86;67.000.00
Iguaba Grande ;Abobora;Olerícolas Frutas;2019;15;37.6;10.6;1.2074;3.55;45.400.00
Itaboraí ;Abobora;Olerícolas Frutas;2019;3;107.8;5.5;1.3377;19.6;144.200.00
Itaocara ;Abobora;Olerícolas Frutas;2019;13;167;8.5;1.4872;19.65;248.360.00
Itaperuna ;Abobora;Olerícolas Frutas;2019;15;636;53;0.9283;12;590.400.00
Laje do Muriae ;Abobora;Olerícolas Frutas;2019;1;7;0.5;1.2;14;8.400.00
Macaé ;Abobora;Olerícolas Frutas;2019;1;0.24;0.22;4;1.09;960
Miracema ;Abobora;Olerícolas Frutas;2019;4;18.6;1.35;1.9387;13.78;36.060.00
Paraíba do Sul ;Abobora;Olerícolas Frutas;2019;16;524.4;21.91;1.8608;23.93;975.786.00
Paty do Alferes ;Abobora;Olerícolas Frutas;2019;12;779;39.1;1.6305;19.92;1.270.180.00
Petrópolis ;Abobora;Olerícolas Frutas;2019;14;286;14.35;1.608;19.93;459.900.00
Porciúncula ;Abobora;Olerícolas Frutas;2019;8;15.3;1;0.3755;15.3;5.745.00
Rio Bonito ;Abobora;Olerícolas Frutas;2019;13;160.5;13;1.5561;12.35;249.750.00
Rio Claro ;Abobora;Olerícolas Frutas;2019;3;77.05;3.5;0.9914;22.01;76.388.00
Rio das Flores ;Abobora;Olerícolas Frutas;2019;2;29.8;2.7;1.2773;11.04;38.064.00
Rio das Ostras ;Abobora;Olerícolas Frutas;2019;1;1.1;0.5;1.2;2.2;1.320.00
Santo Antônio de Pádua ;Abobora;Olerícolas Frutas;2019;14;108;9;1.9778;12;213.600.00
São Francisco de Itabapoana ;Abobora;Olerícolas Frutas;2019;15;4.880.00;245;1.7131;19.92;8.360.000.00
São João da Barra ;Abobora;Olerícolas Frutas;2019;50;199;20;0.906;9.95;180.300.00
São Pedro da Aldeia ;Abobora;Olerícolas Frutas;2019;28;262;29.9;1.1053;8.76;289.600.00
Sapucaia ;Abobora;Olerícolas Frutas;2019;35;630;35;0.6457;18;406.800.00
Sumidouro ;Abobora;Olerícolas Frutas;2019;36;455;45.5;1.3167;10;599.100.00
Tanguá ;Abobora;Olerícolas Frutas;2019;20;35.35;6.38;1.163;5.54;41.111.50
Vassouras ;Abobora;Olerícolas Frutas;2019;15;343.8;16.65;1.0241;20.65;352.100.00
Aperibé ;Abobrinha;Olerícolas Frutas;2019;2;16;1;1.65;16;26.400.00
Barra do Pirai ;Abobrinha;Olerícolas Frutas;2019;1;22.65;2.42;1.9675;9.36;44.565.00
Barra Mansas ;Abobrinha;Olerícolas Frutas;2019;3;26.79;2.81;1.4401;9.53;38.579.10
Bom Jardim ;Abobrinha;Olerícolas Frutas;2019;198;992;62;0.9339;16;926.400.00
Bom Jesus do Itabapoana ;Abobrinha;Olerícolas Frutas;2019;3;15.1;1.9;1.4983;7.95;22.625.00
Cachoeiras de Macacu ;Abobrinha;Olerícolas Frutas;2019;50;309;33.2;1.1932;9.31;368.700.00
Carmo ;Abobrinha;Olerícolas Frutas;2019;5;94;5.51;0.8681;17.06;81.600.00
Cordeiro ;Abobrinha;Olerícolas Frutas;2019;1;18;1;1.6;18;28.800.00
Duas Barras ;Abobrinha;Olerícolas Frutas;2019;80;1.327.00;54.1;0.8697;24.53;1.154.050.00
Duque de Caxias ;Abobrinha;Olerícolas Frutas;2019;2;298;20.5;2.0658;14.54;615.600.00
Itaocara ;Abobrinha;Olerícolas Frutas;2019;12;122;8;1.1672;15.25;142.400.00
Itaperuna ;Abobrinha;Olerícolas Frutas;2019;8;73;4;0.9;18.25;65.700.00
Magé ;Abobrinha;Olerícolas Frutas;2019;12;94.5;10.5;1.5095;9;142.650.00
Miracema ;Abobrinha;Olerícolas Frutas;2019;2;27.6;3.5;1.2065;7.89;33.300.00
Nova Friburgo ;Abobrinha;Olerícolas Frutas;2019;78;700.36;41.7;1.3121;16.8;918.910.00
Paty do Alferes ;Abobrinha;Olerícolas Frutas;2019;3;43.81;3.8;0.8498;11.53;37.229.70
Petrópolis ;Abobrinha;Olerícolas Frutas;2019;27;396;23.15;1.4652;17.11;580.210.00
Pinheiral ;Abobrinha;Olerícolas Frutas;2019;6;15.2;1.29;1.4016;11.78;21.305.00
Porciúncula ;Abobrinha;Olerícolas Frutas;2019;5;14;1;0.5714;14;8.000.00
Porto Real ;Abobrinha;Olerícolas Frutas;2019;3;60;11;2.5146;5.45;150.875.00
Quatis ;Abobrinha;Olerícolas Frutas;2019;3;36.5;5.5;2.4548;6.64;89.600.00
Resende ;Abobrinha;Olerícolas Frutas;2019;2;18.85;2.5;1.1374;7.54;21.440.00
Rio Claro ;Abobrinha;Olerícolas Frutas;2019;4;55.43;4.5;0.9654;12.32;53.514.50
Rio de Janeiro ;Abobrinha;Olerícolas Frutas;2019;39;969.5;69.25;1.1762;14;1.140.300.00
São José do Vale do Rio Preto ;Abobrinha;Olerícolas Frutas;2019;296;2.175.00;145;0.5968;15;1.298.100.00
Sapucaia ;Abobrinha;Olerícolas Frutas;2019;39;624;39;0.8897;16;555.200.00
Sumidouro ;Abobrinha;Olerícolas Frutas;2019;173;2.007.00;111.5;0.646;18;1.296.450.00
Teresópolis ;Abobrinha;Olerícolas Frutas;2019;80;812;47;0.8928;17.28;724.970.00
Trajano de Morais ;Abobrinha;Olerícolas Frutas;2019;25;200;10;1.03;20;206.000.00
Varre-Sai ;Abobrinha;Olerícolas Frutas;2019;3;173;11.5;1.3679;15.04;236.650.00
Vassouras ;Abobrinha;Olerícolas Frutas;2019;9;60.1;2.9;1.4534;20.72;87.350.00
Aperibé ;Berinjela;Olerícolas Frutas;2019;13;250;10;1.03;25;257.500.00
Bom Jardim ;Berinjela;Olerícolas Frutas;2019;230;3.034.00;82;0.9078;37;2.754.280.00
Cachoeiras de Macacu ;Berinjela;Olerícolas Frutas;2019;53;1.114.00;54.9;1.2571;20.29;1.400.400.00
Cantagalo ;Berinjela;Olerícolas Frutas;2019;2;21.1;0.94;1.0882;22.45;22.960.00
Carmo ;Berinjela;Olerícolas Frutas;2019;11;339.15;11.29;0.7773;30.04;263.617.50
Duas Barras ;Berinjela;Olerícolas Frutas;2019;66;1.106.00;34.9;1.4327;31.69;1.584.550.00
Duque de Caxias ;Berinjela;Olerícolas Frutas;2019;4;51.9;3.45;2.0591;15.04;106.865.00
Itaocara ;Berinjela;Olerícolas Frutas;2019;76;1.102.00;55;1.0545;20.04;1.162.060.00
Itaperuna ;Berinjela;Olerícolas Frutas;2019;10;128;5.5;1.1641;23.27;149.000.00
Magé ;Berinjela;Olerícolas Frutas;2019;15;207.5;11.5;1.6967;18.04;352.075.00
Nova Iguaçu ;Berinjela;Olerícolas Frutas;2019;15;78;8.95;0.889;8.72;69.340.00
Paty do Alferes ;Berinjela;Olerícolas Frutas;2019;3;29.86;1.25;1.5281;23.89;45.628.50
Piraí ;Berinjela;Olerícolas Frutas;2019;4;46.08;2.19;1.9112;21.04;88.066.00
Queimados ;Berinjela;Olerícolas Frutas;2019;1;5.15;0.43;1.6265;11.98;8.376.60
Rio Claro ;Berinjela;Olerícolas Frutas;2019;3;71.42;4.6;0.9213;15.53;65.799.50
Rio de Janeiro ;Berinjela;Olerícolas Frutas;2019;22;660;44.05;0.9079;14.98;599.200.00
Santo Antônio de Pádua ;Berinjela;Olerícolas Frutas;2019;8;156;6;2.0833;26;325.000.00
São Fidélis ;Berinjela;Olerícolas Frutas;2019;82;979.28;24.42;0.7981;40.1;781.603.70
São José de Ubá ;Berinjela;Olerícolas Frutas;2019;5;27;3;0.7;9;18.900.00
São José do Vale do Rio Preto ;Berinjela;Olerícolas Frutas;2019;231;2.660.00;95;0.6909;28;1.837.920.00
São Sebastião do Alto ;Berinjela;Olerícolas Frutas;2019;75;1.890.00;63;1.2208;30;2.307.300.00
Sapucaia ;Berinjela;Olerícolas Frutas;2019;40;1.040.00;40;0.83;26;863.200.00
Seropédica ;Berinjela;Olerícolas Frutas;2019;4;61.8;3.35;1.9492;18.45;120.460.00
Sumidouro ;Berinjela;Olerícolas Frutas;2019;135;3.120.00;104;1.081;30;3.372.600.00
Trajano de Morais ;Berinjela;Olerícolas Frutas;2019;21;457;21.5;2.0232;21.26;924.600.00
Vassouras ;Berinjela;Olerícolas Frutas;2019;6;53.4;2.2;1.823;24.27;97.350.00
Bom Jardim ;Chuchu;Olerícolas Frutas;2019;196;4.950.00;66;0.5064;75;2.506.500.00
Cantagalo ;Chuchu;Olerícolas Frutas;2019;1;6.75;0.15;0.4833;45;3.262.50
Duas Barras ;Chuchu;Olerícolas Frutas;2019;16;1.199.00;25.8;0.9583;46.47;1.148.950.00
Duque de Caxias ;Chuchu;Olerícolas Frutas;2019;1;14.3;1.1;1.2958;13;18.530.00
Paraíba do Sul ;Chuchu;Olerícolas Frutas;2019;3;12.65;0.22;1.1035;57.5;13.959.00
Petrópolis ;Chuchu;Olerícolas Frutas;2019;73;1.600.00;51.2;1.1541;31.25;1.846.500.00
Rio Claro ;Chuchu;Olerícolas Frutas;2019;1;192.21;8;0.6095;24.03;117.147.00
Rio de Janeiro ;Chuchu;Olerícolas Frutas;2019;58;9.500.00;197;0.5762;48.22;5.474.000.00
São José do Vale do Rio Preto ;Chuchu;Olerícolas Frutas;2019;920;72.900.00;920;0.4942;79.24;36.028.000.00
Sapucaia ;Chuchu;Olerícolas Frutas;2019;42;2.184.00;42;0.9024;52;1.970.800.00
Sumidouro ;Chuchu;Olerícolas Frutas;2019;42;2.755.00;55;0.6128;50.09;1.688.400.00
Teresópolis ;Chuchu;Olerícolas Frutas;2019;30;1.667.20;25.1;0.7369;66.42;1.228.640.00
Trajano de Morais ;Chuchu;Olerícolas Frutas;2019;9;896;17.3;1.3978;51.79;1.252.400.00
Duas Barras ;Ervilha;Olerícolas Frutas;2019;19;63.7;6.45;7.3148;9.88;465.950.00
Nova Friburgo ;Ervilha;Olerícolas Frutas;2019;80;378.36;40.5;8.1883;9.34;3.098.140.00
São José do Vale do Rio Preto ;Ervilha;Olerícolas Frutas;2019;41;77;11;4.5591;7;351.050.00
Sumidouro ;Ervilha;Olerícolas Frutas;2019;195;1.071.00;119;4.6862;9;5.018.940.00
Teresópolis ;Ervilha;Olerícolas Frutas;2019;30;23.4;3.05;4.6444;7.67;108.680.00
Tanguá ;Feijão Guandu;Olerícolas Frutas;2019;44;37;25.7;13.1622;1.44;487.000.00
Araruama ;Feijão Mauá;Olerícolas Frutas;2019;35;26.45;8.15;4.0614;3.25;107.425.00
Cachoeiras de Macacu ;Feijão Mauá;Olerícolas Frutas;2019;191;775.5;163;1.7247;4.76;1.337.500.00
Duque de Caxias ;Feijão Mauá;Olerícolas Frutas;2019;2;2.27;0.75;2.6154;3.03;5.937.00
Magé ;Feijão Mauá;Olerícolas Frutas;2019;74;335.75;76.5;3.1697;4.39;1.064.237.50
São Francisco de Itabapoana ;Feijão Mauá;Olerícolas Frutas;2019;49;350.5;77;1.8475;4.55;647.550.00
São João da Barra ;Feijão Mauá;Olerícolas Frutas;2019;28;52.8;10.5;1.5456;5.03;81.610.00
Tanguá ;Feijão Mauá;Olerícolas Frutas;2019;21;33.2;16.35;1.9982;2.03;66.340.00
Angra dos Reis ;Jiló;Olerícolas Frutas;2019;10;63.5;7;5;9.07;317.500.00
Aperibé ;Jiló;Olerícolas Frutas;2019;40;600;30;1.4433;20;866.000.00
Barra Mansas ;Jiló;Olerícolas Frutas;2019;3;344.85;22.07;2.6936;15.63;928.889.50
Bom Jardim ;Jiló;Olerícolas Frutas;2019;215;2.550.00;102;0.9003;25;2.295.750.00
Bom Jesus do Itabapoana ;Jiló;Olerícolas Frutas;2019;4;67.8;3.9;1.5279;17.38;103.595.00
Cachoeiras de Macacu ;Jiló;Olerícolas Frutas;2019;105;2.190.00;95;1.4022;23.05;3.070.850.00
Cambuci ;Jiló;Olerícolas Frutas;2019;116;2.258.00;122;1.8835;18.51;4.252.900.00
Cantagalo ;Jiló;Olerícolas Frutas;2019;4;52.4;2.9;1.3174;18.07;69.030.00
Carmo ;Jiló;Olerícolas Frutas;2019;8;216;9.74;1.7729;22.18;382.950.00
Cordeiro ;Jiló;Olerícolas Frutas;2019;2;60;2;1.65;30;99.000.00
Duas Barras ;Jiló;Olerícolas Frutas;2019;58;797;33.8;1.9194;23.58;1.529.800.00
Duque de Caxias ;Jiló;Olerícolas Frutas;2019;3;77.9;5.12;2.1253;15.21;165.560.00
Itaocara ;Jiló;Olerícolas Frutas;2019;107;1.485.00;77.5;1.4031;19.16;2.083.620.00
Itaperuna ;Jiló;Olerícolas Frutas;2019;28;315;15.8;0.9819;19.94;309.300.00
Japeri ;Jiló;Olerícolas Frutas;2019;37;203;24;1.634;8.46;331.700.00
Laje do Muriae ;Jiló;Olerícolas Frutas;2019;2;0.7;0.7;2.1429;1;1.500.00
Magé ;Jiló;Olerícolas Frutas;2019;18;216.45;15.75;2.1753;13.74;470.835.00
Miguel Pereira ;Jiló;Olerícolas Frutas;2019;2;30.5;1.7;1.6346;17.94;49.854.50
Natividade ;Jiló;Olerícolas Frutas;2019;4;36;2;2.3;18;82.800.00
Nova Friburgo ;Jiló;Olerícolas Frutas;2019;38;559.9;26.5;1.9849;21.13;1.111.340.00
Nova Iguaçu ;Jiló;Olerícolas Frutas;2019;54;180;20.8;1.4264;8.65;256.750.00
Paraíba do Sul ;Jiló;Olerícolas Frutas;2019;11;47.9;2.26;1.9008;21.19;91.049.00
Paty do Alferes ;Jiló;Olerícolas Frutas;2019;6;64.05;3.53;1.677;18.14;107.414.50
Petrópolis ;Jiló;Olerícolas Frutas;2019;41;580;25.5;2.1644;22.75;1.255.350.00
Pinheiral ;Jiló;Olerícolas Frutas;2019;8;23.6;1.47;2.5952;16.05;61.247.50
Piraí ;Jiló;Olerícolas Frutas;2019;10;40.5;2.2;2.3543;18.41;95.350.00
Porciúncula ;Jiló;Olerícolas Frutas;2019;2;13;1;0.8462;13;11.000.00
Quatis ;Jiló;Olerícolas Frutas;2019;2;19;2;2.9105;9.5;55.300.00
Queimados ;Jiló;Olerícolas Frutas;2019;2;24.6;1.35;1.4939;18.22;36.750.00
Resende ;Jiló;Olerícolas Frutas;2019;3;13.95;1.25;2.3324;11.16;32.537.50
Rio Bonito ;Jiló;Olerícolas Frutas;2019;12;84;12;2;7;168.000.00
Rio Claro ;Jiló;Olerícolas Frutas;2019;3;104.8;7.1;0.9471;14.76;99.254.00
Rio de Janeiro ;Jiló;Olerícolas Frutas;2019;36;478.8;34.29;1.1339;13.96;542.916.00
Santo Antônio de Pádua ;Jiló;Olerícolas Frutas;2019;15;216;12;2.25;18;486.000.00
São Fidélis ;Jiló;Olerícolas Frutas;2019;65;438.25;17.27;0.9128;25.38;400.045.60
São João da Barra ;Jiló;Olerícolas Frutas;2019;30;276;18.25;1.114;15.12;307.455.00
São José do Vale do Rio Preto ;Jiló;Olerícolas Frutas;2019;197;1.825.00;73;1.0978;25;2.003.500.00
São Sebastião do Alto ;Jiló;Olerícolas Frutas;2019;84;1.760.00;80;1.8794;22;3.307.700.00
Sapucaia ;Jiló;Olerícolas Frutas;2019;40;1.000.00;40;1.2325;25;1.232.500.00
Silva Jardim ;Jiló;Olerícolas Frutas;2019;7;169;13;0.9746;13;164.700.00
Sumidouro ;Jiló;Olerícolas Frutas;2019;195;3.128.00;136;1.1261;23;3.522.335.00
Teresópolis ;Jiló;Olerícolas Frutas;2019;70;459.2;20;1.3134;22.96;603.122.00
Trajano de Morais ;Jiló;Olerícolas Frutas;2019;24;494.5;20.2;1.8503;24.48;914.980.00
Valença ;Jiló;Olerícolas Frutas;2019;6;65.28;2.82;2.5473;23.15;166.290.00
Varre-Sai ;Jiló;Olerícolas Frutas;2019;7;160;7.5;1.6091;21.33;257.450.00
Vassouras ;Jiló;Olerícolas Frutas;2019;16;187;6.55;1.9043;28.55;356.100.00
Volta Redonda ;Jiló;Olerícolas Frutas;2019;6;65.3;3.4;2.2737;19.21;148.470.00
Bom Jardim ;Maxixe;Olerícolas Frutas;2019;128;155;31;1.1226;5;174.000.00
Cachoeiras de Macacu ;Maxixe;Olerícolas Frutas;2019;27;139;16.4;1.761;8.48;244.780.00
Campos dos Goytacases ;Maxixe;Olerícolas Frutas;2019;36;104;8.2;0.812;12.68;84.450.00
Iguaba Grande ;Maxixe;Olerícolas Frutas;2019;5;2.4;2.2;1.5583;1.09;3.740.00
Magé ;Maxixe;Olerícolas Frutas;2019;15;15.25;4.3;2.941;3.55;44.850.00
Paty do Alferes ;Maxixe;Olerícolas Frutas;2019;3;93.52;7;1.8137;13.36;169.615.70
Petrópolis ;Maxixe;Olerícolas Frutas;2019;12;98;8.8;1.7194;11.14;168.500.00
São João da Barra ;Maxixe;Olerícolas Frutas;2019;110;477;45;1.4036;10.6;669.500.00
São José do Vale do Rio Preto ;Maxixe;Olerícolas Frutas;2019;84;324;27;0.9396;12;304.440.00
São Pedro da Aldeia ;Maxixe;Olerícolas Frutas;2019;11;11;8.1;1.8909;1.36;20.800.00
Seropédica ;Maxixe;Olerícolas Frutas;2019;6;12.3;2.1;0.5374;5.86;6.610.00
Duas Barras ;Melancia;Olerícolas Frutas;2019;6;8.6;0.4;0.7733;21.5;6.650.00
Angra dos Reis ;Milho Verde;Olerícolas Frutas;2019;32;127.5;14;10;9.11;1.275.000.00
Cachoeiras de Macacu ;Milho Verde;Olerícolas Frutas;2019;234;6.430.00;632;0.6444;10.17;4.143.250.00
Campos dos Goytacases ;Milho Verde;Olerícolas Frutas;2019;49;152;12.3;1.1707;12.36;177.950.00
Carmo ;Milho Verde;Olerícolas Frutas;2019;3;135.7;14.76;0.6763;9.19;91.770.00
Casimiro de Abreu ;Milho Verde;Olerícolas Frutas;2019;11;56;19;3;2.95;168.000.00
Duas Barras ;Milho Verde;Olerícolas Frutas;2019;12;23.5;3.5;0.8426;6.71;19.800.00
Guapimirim ;Milho Verde;Olerícolas Frutas;2019;58;3.630.00;303;0.5438;11.98;1.973.900.00
Itaocara ;Milho Verde;Olerícolas Frutas;2019;5;25;2.5;1;10;25.000.00
Itaperuna ;Milho Verde;Olerícolas Frutas;2019;31;185.5;18.7;2.1617;9.92;401.000.00
Japeri ;Milho Verde;Olerícolas Frutas;2019;46;270;32.8;0.6624;8.23;178.860.00
Laje do Muriae ;Milho Verde;Olerícolas Frutas;2019;1;16.5;1.35;2.7788;12.22;45.850.00
Magé ;Milho Verde;Olerícolas Frutas;2019;163;2.993.00;326;1.6719;9.18;5.004.100.00
Mangaratiba ;Milho Verde;Olerícolas Frutas;2019;9;35;8;1.0857;4.38;38.000.00
Nova Friburgo ;Milho Verde;Olerícolas Frutas;2019;44;427.25;53.9;0.8776;7.93;374.940.00
Nova Iguaçu ;Milho Verde;Olerícolas Frutas;2019;33;136;20.4;0.604;6.67;82.150.00
Petrópolis ;Milho Verde;Olerícolas Frutas;2019;17;70.5;12.3;1.7051;5.73;120.210.00
Porciúncula ;Milho Verde;Olerícolas Frutas;2019;5;13.8;1.7;2.7217;8.12;37.560.00
Queimados ;Milho Verde;Olerícolas Frutas;2019;4;9.95;0.76;0.9975;13.09;9.925.00
Rio Bonito ;Milho Verde;Olerícolas Frutas;2019;6;30;5;1.28;6;38.400.00
Rio Claro ;Milho Verde;Olerícolas Frutas;2019;10;247.55;33;0.9866;7.5;244.235.00
Rio das Ostras ;Milho Verde;Olerícolas Frutas;2019;3;1.56;0.17;2.625;9.18;4.095.00
São Gonçalo ;Milho Verde;Olerícolas Frutas;2019;32;130.01;20;1.3694;6.5;178.035.10
Silva Jardim ;Milho Verde;Olerícolas Frutas;2019;5;542;57;0.4258;9.51;230.800.00
Sumidouro ;Milho Verde;Olerícolas Frutas;2019;32;384;48;0.615;8;236.160.00
Nova Friburgo ;Morango;Olerícolas Frutas;2019;50;933.4;33.7;11.3212;27.7;10.567.250.00
Sapucaia ;Morango;Olerícolas Frutas;2019;2;20;2;4.25;10;85.000.00
Trajano de Morais ;Morango;Olerícolas Frutas;2019;1;1.44;0.24;12;6;17.280.00
Aperibé ;Pepino;Olerícolas Frutas;2019;3;60;1.5;1.1;40;66.000.00
Bom Jardim ;Pepino;Olerícolas Frutas;2019;149;2.350.00;47;1.0511;50;2.470.000.00
Cachoeiras de Macacu ;Pepino;Olerícolas Frutas;2019;12;119;10;1.2328;11.9;146.700.00
Cambuci ;Pepino;Olerícolas Frutas;2019;17;1.000.00;24;0.916;41.67;916.000.00
Carmo ;Pepino;Olerícolas Frutas;2019;12;1.156.60;23.05;0.6342;50.18;733.516.00
Cordeiro ;Pepino;Olerícolas Frutas;2019;7;212;6.5;1.4189;32.62;300.800.00
Duas Barras ;Pepino;Olerícolas Frutas;2019;63;1.250.00;29.2;0.8401;42.81;1.050.100.00
Duque de Caxias ;Pepino;Olerícolas Frutas;2019;4;27;1.93;2.0211;13.99;54.570.00
Itaocara ;Pepino;Olerícolas Frutas;2019;25;610;15;1.0191;40.67;621.640.00
Itaperuna ;Pepino;Olerícolas Frutas;2019;20;700;14;0.94;50;658.000.00
Paty do Alferes ;Pepino;Olerícolas Frutas;2019;12;292.95;6.81;1.0394;43.02;304.479.60
Rio Claro ;Pepino;Olerícolas Frutas;2019;1;137;4;1.5987;34.25;219.016.00
Santo Antônio de Pádua ;Pepino;Olerícolas Frutas;2019;8;120;4;1.55;30;186.000.00
São Fidélis ;Pepino;Olerícolas Frutas;2019;47;580.32;13.94;1.0412;41.63;604.203.80
São José de Ubá ;Pepino;Olerícolas Frutas;2019;190;7.200.00;180;0.1861;40;1.340.000.00
São José do Vale do Rio Preto ;Pepino;Olerícolas Frutas;2019;238;5.675.00;113.5;0.4974;50;2.823.000.00
São Sebastião do Alto ;Pepino;Olerícolas Frutas;2019;67;3.360.00;56;0.8107;60;2.724.000.00
Sapucaia ;Pepino;Olerícolas Frutas;2019;34;1.428.00;34;0.9515;42;1.358.700.00
Sumidouro ;Pepino;Olerícolas Frutas;2019;116;4.032.00;96;0.8171;42;3.294.690.00
Vassouras ;Pepino;Olerícolas Frutas;2019;2;57;1.5;1.4351;38;81.800.00
Cachoeiras de Macacu ;Pimenta;Olerícolas Frutas;2019;42;120.5;28.5;7.9191;4.23;954.250.00
Rio Bonito ;Pimenta;Olerícolas Frutas;2019;2;12;2;3;6;36.000.00
Valença ;Pimenta;Olerícolas Frutas;2019;16;77.83;34.31;5.5099;2.27;428.837.00
Aperibé ;Pimentão;Olerícolas Frutas;2019;19;345;15;1.6333;23;563.500.00
Areal ;Pimentão;Olerícolas Frutas;2019;1;15;0.5;2;30;30.000.00
Barra Mansas ;Pimentão;Olerícolas Frutas;2019;1;38.29;2.08;2.3122;18.41;88.536.00
Bom Jardim ;Pimentão;Olerícolas Frutas;2019;297;2.760.00;120;1.0328;23;2.850.620.00
Bom Jesus do Itabapoana ;Pimentão;Olerícolas Frutas;2019;4;97.8;4.29;1.555;22.8;152.080.00
Cachoeiras de Macacu ;Pimentão;Olerícolas Frutas;2019;74;1.216.00;54.2;1.1577;22.44;1.407.800.00
Cambuci ;Pimentão;Olerícolas Frutas;2019;62;775;121;2.3629;6.4;1.831.250.00
Cantagalo ;Pimentão;Olerícolas Frutas;2019;1;7.8;0.35;1.2795;22.29;9.980.00
Carmo ;Pimentão;Olerícolas Frutas;2019;6;57.5;2.3;1.4722;25;84.650.00
Duas Barras ;Pimentão;Olerícolas Frutas;2019;61;909;40.1;1.7679;22.67;1.607.000.00
Duque de Caxias ;Pimentão;Olerícolas Frutas;2019;2;0.99;0.12;2.4465;8.25;2.422.00
Italva ;Pimentão;Olerícolas Frutas;2019;38;823;32.6;1.261;25.25;1.037.810.00
Itaocara ;Pimentão;Olerícolas Frutas;2019;36;593;23.5;1.771;25.23;1.050.230.00
Itaperuna ;Pimentão;Olerícolas Frutas;2019;24;845;22;1.2485;38.41;1.055.000.00
Japeri ;Pimentão;Olerícolas Frutas;2019;2;2.5;0.7;0.92;3.57;2.300.00
Macaé ;Pimentão;Olerícolas Frutas;2019;1;0.15;0.01;6;15;900
Magé ;Pimentão;Olerícolas Frutas;2019;13;205;10.25;2.1512;20;441.000.00
Miguel Pereira ;Pimentão;Olerícolas Frutas;2019;2;109;12.06;1.7247;9.04;187.990.00
Nova Friburgo ;Pimentão;Olerícolas Frutas;2019;37;481.85;17.6;1.5079;27.38;726.590.00
Nova Iguaçu ;Pimentão;Olerícolas Frutas;2019;20;135;17;1.3655;7.94;184.340.00
Paraíba do Sul ;Pimentão;Olerícolas Frutas;2019;16;138.93;3.05;4.69;45.55;651.585.00
Paty do Alferes ;Pimentão;Olerícolas Frutas;2019;102;1.807.02;50.3;1.8016;35.92;3.255.573.00
Petrópolis ;Pimentão;Olerícolas Frutas;2019;31;316;14.3;2.5761;22.1;814.060.00
Piraí ;Pimentão;Olerícolas Frutas;2019;5;43.1;2.22;2.2589;19.41;97.360.00
Quatis ;Pimentão;Olerícolas Frutas;2019;2;12.5;1.5;2.5;8.33;31.250.00
Resende ;Pimentão;Olerícolas Frutas;2019;3;18.75;1.65;1.7803;11.36;33.380.00
Rio Claro ;Pimentão;Olerícolas Frutas;2019;2;131.04;6.2;2.4558;21.14;321.813.90
Rio das Ostras ;Pimentão;Olerícolas Frutas;2019;1;4.1;0.5;1.2559;8.2;5.149.00
Santo Antônio de Pádua ;Pimentão;Olerícolas Frutas;2019;16;330;11;2.2727;30;750.000.00
São Fidélis ;Pimentão;Olerícolas Frutas;2019;59;255.58;17.71;0.8716;14.43;222.771.30
São João da Barra ;Pimentão;Olerícolas Frutas;2019;30;190.3;19;1.067;10.02;203.050.00
São José de Ubá ;Pimentão;Olerícolas Frutas;2019;125;1.240.00;81;0.6573;15.31;815.000.00
São José do Vale do Rio Preto ;Pimentão;Olerícolas Frutas;2019;221;1.500.00;75;0.9631;20;1.444.600.00
São Sebastião do Alto ;Pimentão;Olerícolas Frutas;2019;80;1.642.00;75;1.676;21.89;2.752.000.00
Sapucaia ;Pimentão;Olerícolas Frutas;2019;41;1.148.00;41;0.9829;28;1.128.400.00
Seropédica ;Pimentão;Olerícolas Frutas;2019;4;43;2;1.7744;21.5;76.300.00
Sumidouro ;Pimentão;Olerícolas Frutas;2019;160;4.764.00;160;1.2337;29.78;5.877.360.00
Teresópolis ;Pimentão;Olerícolas Frutas;2019;51;498.2;12.55;1.4849;39.7;739.800.00
Trajano de Morais ;Pimentão;Olerícolas Frutas;2019;75;605;27.5;2.1621;22;1.308.100.00
Vassouras ;Pimentão;Olerícolas Frutas;2019;12;174.5;4.65;1.8464;37.53;322.200.00
Angra dos Reis ;Quiabo;Olerícolas Frutas;2019;33;230.5;16.5;4.3492;13.97;1.002.500.00
Aperibé ;Quiabo;Olerícolas Frutas;2019;54;660;55;2.3491;12;1.550.400.00
Araruama ;Quiabo;Olerícolas Frutas;2019;40;160.1;18.2;3.3232;8.8;532.050.00
Armação dos Búzios ;Quiabo;Olerícolas Frutas;2019;15;22.2;1.9;2.9167;11.68;64.750.00
Barra Mansas ;Quiabo;Olerícolas Frutas;2019;9;195.12;14.3;5.0957;13.64;994.280.00
Cabo Frio ;Quiabo;Olerícolas Frutas;2019;16;42;4.2;2.9643;10;124.500.00
Cachoeiras de Macacu ;Quiabo;Olerícolas Frutas;2019;103;555.5;119.2;1.647;4.66;914.900.00
Cambuci ;Quiabo;Olerícolas Frutas;2019;50;1.196.00;50;2.2912;23.92;2.740.300.00
Campos dos Goytacases ;Quiabo;Olerícolas Frutas;2019;44;151;12.3;1.8705;12.28;282.450.00
Cantagalo ;Quiabo;Olerícolas Frutas;2019;10;86.2;4.8;1.3473;17.96;116.135.00
Carmo ;Quiabo;Olerícolas Frutas;2019;4;31.65;2.14;1.8688;14.79;59.148.00
Duas Barras ;Quiabo;Olerícolas Frutas;2019;13;30.1;1.55;1.9415;19.42;58.440.00
Duque de Caxias ;Quiabo;Olerícolas Frutas;2019;7;379;36;2.5557;10.53;968.600.00
Guapimirim ;Quiabo;Olerícolas Frutas;2019;8;92.1;15.3;1.7245;6.02;158.830.00
Iguaba Grande ;Quiabo;Olerícolas Frutas;2019;10;72.2;7.75;3.3161;9.32;239.420.00
Itaboraí ;Quiabo;Olerícolas Frutas;2019;31;75.45;6.75;1.7009;11.18;128.331.00
Itaguaí ;Quiabo;Olerícolas Frutas;2019;5;474;26;2.0633;18.23;978.000.00
Itaocara ;Quiabo;Olerícolas Frutas;2019;125;1.478.00;114;2.2143;12.96;3.272.690.00
Itaperuna ;Quiabo;Olerícolas Frutas;2019;34;203.5;20.7;1.3582;9.83;276.400.00
Japeri ;Quiabo;Olerícolas Frutas;2019;251;757;87.1;2.2057;8.69;1.669.700.00
Laje do Muriae ;Quiabo;Olerícolas Frutas;2019;3;14;0.8;2.4964;17.5;34.950.00
Magé ;Quiabo;Olerícolas Frutas;2019;102;1.007.90;102;2.6063;9.88;2.626.920.00
Miracema ;Quiabo;Olerícolas Frutas;2019;3;153.7;12.3;1.7976;12.5;276.295.00
Natividade ;Quiabo;Olerícolas Frutas;2019;4;27.5;2;3.1273;13.75;86.000.00
Nova Iguaçu ;Quiabo;Olerícolas Frutas;2019;231;731;84.8;2.1605;8.62;1.579.300.00
Paracambi ;Quiabo;Olerícolas Frutas;2019;34;569.2;38.5;2.9455;14.78;1.676.600.00
Paraíba do Sul ;Quiabo;Olerícolas Frutas;2019;4;23.64;1.99;2.0398;11.88;48.219.70
Pinheiral ;Quiabo;Olerícolas Frutas;2019;7;24.5;1.8;2.5918;13.61;63.500.00
Queimados ;Quiabo;Olerícolas Frutas;2019;15;91;11.09;2.6225;8.21;238.650.00
Resende ;Quiabo;Olerícolas Frutas;2019;6;28.25;1.95;2.3402;14.49;66.110.00
Rio Bonito ;Quiabo;Olerícolas Frutas;2019;12;88;9;2.3125;9.78;203.500.00
Rio Claro ;Quiabo;Olerícolas Frutas;2019;6;141;11.8;2.2061;11.95;311.054.00
Rio das Ostras ;Quiabo;Olerícolas Frutas;2019;1;1.98;0.13;2.2;15.23;4.356.00
Rio de Janeiro ;Quiabo;Olerícolas Frutas;2019;86;1.437.00;110;1.3308;13.06;1.912.300.00
Santo Antônio de Pádua ;Quiabo;Olerícolas Frutas;2019;22;144;12;2.4833;12;357.600.00
São Fidélis ;Quiabo;Olerícolas Frutas;2019;305;1.076.06;134.88;1.0353;7.98;1.114.004.70
São Francisco de Itabapoana ;Quiabo;Olerícolas Frutas;2019;31;153;25.8;2.2967;5.93;351.400.00
São Gonçalo ;Quiabo;Olerícolas Frutas;2019;41;208;26;2.5242;8;525.040.00
São João da Barra ;Quiabo;Olerícolas Frutas;2019;90;1.238.00;107;1.8908;11.57;2.340.800.00
São Pedro da Aldeia ;Quiabo;Olerícolas Frutas;2019;24;199;20.9;3.0754;9.52;612.000.00
São Sebastião do Alto ;Quiabo;Olerícolas Frutas;2019;160;2.774.00;136;1.698;20.4;4.710.240.00
Seropédica ;Quiabo;Olerícolas Frutas;2019;48;1.776.00;129.5;3.2215;13.71;5.721.300.00
Silva Jardim ;Quiabo;Olerícolas Frutas;2019;5;70;10;1.3193;7;92.350.00
Sumidouro ;Quiabo;Olerícolas Frutas;2019;15;404;24.75;1.3446;16.32;543.200.00
Tanguá ;Quiabo;Olerícolas Frutas;2019;39;314;41.5;2.5629;7.57;804.750.00
Volta Redonda ;Quiabo;Olerícolas Frutas;2019;12;90.7;8.6;2.208;10.55;200.270.00
Aperibé ;Tomate;Olerícolas Frutas;2019;4;120;2;3.875;60;465.000.00
Bom Jardim ;Tomate;Olerícolas Frutas;2019;431;15.900.00;212;1.0317;75;16.404.000.00
Bom Jesus do Itabapoana ;Tomate;Olerícolas Frutas;2019;2;552.76;7;2.1761;78.97;1.202.868.00
Cambuci ;Tomate;Olerícolas Frutas;2019;161;16.678.00;236.5;3.0438;70.52;50.764.200.00
Cantagalo ;Tomate;Olerícolas Frutas;2019;1;43.3;0.75;1.754;57.73;75.950.00
Cardoso Moreira ;Tomate;Olerícolas Frutas;2019;2;12.5;0.3;1.4;41.67;17.500.00
Carmo ;Tomate;Olerícolas Frutas;2019;9;466.2;9.34;0.8165;49.91;380.674.00
Cordeiro ;Tomate;Olerícolas Frutas;2019;12;630;17;2.5635;37.06;1.615.000.00
Duas Barras ;Tomate;Olerícolas Frutas;2019;60;1.308.00;26.1;2.1498;50.11;2.811.900.00
Italva ;Tomate;Olerícolas Frutas;2019;51;4.405.60;54;1.745;81.59;7.687.851.00
Itaocara ;Tomate;Olerícolas Frutas;2019;16;612.5;10.5;2.9766;58.33;1.823.150.00
Itaperuna ;Tomate;Olerícolas Frutas;2019;31;2.230.00;35.5;1.2152;62.82;2.709.800.00
Macaé ;Tomate;Olerícolas Frutas;2019;1;0.2;0.03;8;6.67;1.600.00
Miguel Pereira ;Tomate;Olerícolas Frutas;2019;3;386.27;6.7;1.9141;57.65;739.352.30
Miracema ;Tomate;Olerícolas Frutas;2019;4;1.625.41;23.4;2.2066;69.46;3.586.648.00
Natividade ;Tomate;Olerícolas Frutas;2019;4;240;4;3.4667;60;832.000.00
Nova Friburgo ;Tomate;Olerícolas Frutas;2019;348;18.960.00;276.5;2.0437;68.57;38.747.850.00
Paraíba do Sul ;Tomate;Olerícolas Frutas;2019;84;4.822.53;61.89;2.4328;77.92;11.732.179.90
Paty do Alferes ;Tomate;Olerícolas Frutas;2019;138;5.269.34;89.8;1.8505;58.68;9.750.695.00
Petrópolis ;Tomate;Olerícolas Frutas;2019;31;633;13.9;2.1739;45.54;1.376.080.00
Piraí ;Tomate;Olerícolas Frutas;2019;5;135.1;3.12;2.3248;43.3;314.075.00
Porciúncula ;Tomate;Olerícolas Frutas;2019;6;328;7;3.9634;46.86;1.300.000.00
Porto Real ;Tomate;Olerícolas Frutas;2019;5;147;10;3.3959;14.7;499.200.00
Quatis ;Tomate;Olerícolas Frutas;2019;3;202;11;3.7111;18.36;749.650.00
Rio Claro ;Tomate;Olerícolas Frutas;2019;1;851.44;15.6;4.1373;54.58;3.522.677.00
Santo Antônio de Pádua ;Tomate;Olerícolas Frutas;2019;22;2.486.00;22;2.3609;113;5.869.220.00
São Fidélis ;Tomate;Olerícolas Frutas;2019;71;749.33;17.8;1.8242;42.1;1.366.917.70
São José de Ubá ;Tomate;Olerícolas Frutas;2019;265;17.850.00;255;1.1176;70;19.950.000.00
São José do Vale do Rio Preto ;Tomate;Olerícolas Frutas;2019;318;7.560.00;126;1.3781;60;10.418.400.00
São Sebastião do Alto ;Tomate;Olerícolas Frutas;2019;102;7.200.00;119;2.151;60.5;15.487.200.00
Sapucaia ;Tomate;Olerícolas Frutas;2019;49;2.940.00;49;1.4429;60;4.242.000.00
Sumidouro ;Tomate;Olerícolas Frutas;2019;483;20.230.00;329;2.0547;61.49;41.566.200.00
Tanguá ;Tomate;Olerícolas Frutas;2019;1;30.3;3;4.6238;10.1;140.100.00
Teresópolis ;Tomate;Olerícolas Frutas;2019;40;997;14.3;1.1996;69.72;1.195.970.00
Trajano de Morais ;Tomate;Olerícolas Frutas;2019;87;2.862.50;45.3;2.5417;63.19;7.275.745.00
Valença ;Tomate;Olerícolas Frutas;2019;6;922.12;12.85;3.7469;71.76;3.455.068.00
Varre-Sai ;Tomate;Olerícolas Frutas;2019;6;131.25;2.9;2.2272;45.26;292.322.50
Vassouras ;Tomate;Olerícolas Frutas;2019;66;4.235.00;72.1;2.7551;58.74;11.668.000.00
Engenheiro Paulo de Frontin ;Tomate Cereja;Olerícolas Frutas;2019;1;1;0.02;6;50;6.000.00
Paraíba do Sul ;Tomate Cereja;Olerícolas Frutas;2019;9;77.03;0.87;6.2794;88.54;483.698.50
Rio das Ostras ;Tomate Cereja;Olerícolas Frutas;2019;1;0.52;0.01;6.3;52;3.276.00
Teresópolis ;Tomate Cereja;Olerícolas Frutas;2019;53;897;9.25;3.2045;96.97;2.874.400.00
Vassouras ;Tomate Cereja;Olerícolas Frutas;2019;10;167.5;2.13;6.6284;78.64;1.110.250.00
Macaé ;Tomate*;Olerícolas Frutas;2019;1;0.08;0.03;7.5;2.67;600
Paty do Alferes ;Tomate*;Olerícolas Frutas;2019;31;70.67;3.11;5.5838;22.72;394.610.00
Rio das Ostras ;Tomate*;Olerícolas Frutas;2019;1;0.71;0.01;10;71;7.100.00
Vassouras ;Tomate*;Olerícolas Frutas;2019;3;16.4;0.6;3;27.33;49.200.00
Bom Jardim ;Vagem;Olerícolas Frutas;2019;231;1.782.00;99;1.1493;18;2.048.040.00
Cachoeiras de Macacu ;Vagem;Olerícolas Frutas;2019;11;110;9;1.5345;12.22;168.800.00
Carmo ;Vagem;Olerícolas Frutas;2019;3;18.83;1.15;1.9595;16.37;36.897.90
Duas Barras ;Vagem;Olerícolas Frutas;2019;60;439.8;26.6;2.2973;16.53;1.010.340.00
Duque de Caxias ;Vagem;Olerícolas Frutas;2019;2;50.7;5.75;2.4843;8.82;125.955.00
Itaocara ;Vagem;Olerícolas Frutas;2019;3;30;2.5;1.8333;12;55.000.00
Magé ;Vagem;Olerícolas Frutas;2019;8;51;4.25;2.7647;12;141.000.00
Nova Friburgo ;Vagem;Olerícolas Frutas;2019;67;681.3;35;2.5709;19.47;1.751.560.00
Petrópolis ;Vagem;Olerícolas Frutas;2019;39;414;20.6;2.9957;20.1;1.240.200.00
Rio Claro ;Vagem;Olerícolas Frutas;2019;2;83.02;4.6;1.952;18.05;162.058.00
Rio de Janeiro ;Vagem;Olerícolas Frutas;2019;44;412.92;22.5;2.1239;18.35;876.996.00
São Fidélis ;Vagem;Olerícolas Frutas;2019;20;63.73;5.1;1.9488;12.5;124.195.50
São José do Vale do Rio Preto ;Vagem;Olerícolas Frutas;2019;411;3.972.00;219;1.4302;18.14;5.680.620.00
Sapucaia ;Vagem;Olerícolas Frutas;2019;37;592;37;1.4432;16;854.400.00
Sumidouro ;Vagem;Olerícolas Frutas;2019;148;2.603.00;137;1.601;19;4.167.460.00
Teresópolis ;Vagem;Olerícolas Frutas;2019;34;51.6;3.3;2.2449;15.64;115.836.00
Trajano de Morais ;Vagem;Olerícolas Frutas;2019;32;174.6;9.85;2.8266;17.73;493.530.00
Teresópolis ;Vagem Francesa;Olerícolas Frutas;2019;40;395.9;11.7;6.1388;33.84;2.430.360.00
Angra dos Reis ;Aipim;Olerícolas Raízes;2019;30;194;23.5;4.4858;8.26;870.250.00
Aperibé ;Aipim;Olerícolas Raízes;2019;10;96;8;1.3;12;124.800.00
Araruama ;Aipim;Olerícolas Raízes;2019;82;1.411.50;102.5;1.2887;13.77;1.819.000.00
Areal ;Aipim;Olerícolas Raízes;2019;5;88.64;7;1.4609;12.66;129.493.10
Armação dos Búzios ;Aipim;Olerícolas Raízes;2019;17;24.5;2.67;1.7531;9.18;42.950.00
Barra do Pirai ;Aipim;Olerícolas Raízes;2019;9;63.1;4.78;3.0081;13.2;189.813.50
Bom Jardim ;Aipim;Olerícolas Raízes;2019;225;2.034.00;113;0.9725;18;1.978.020.00
Bom Jesus do Itabapoana ;Aipim;Olerícolas Raízes;2019;12;63;3.5;1.4111;18;88.900.00
Cabo Frio ;Aipim;Olerícolas Raízes;2019;28;134;12.7;1.7799;10.55;238.500.00
Cachoeiras de Macacu ;Aipim;Olerícolas Raízes;2019;361;11.970.00;958;0.7698;12.49;9.214.500.00
Campos dos Goytacases ;Aipim;Olerícolas Raízes;2019;264;2.415.00;259;0.5784;9.32;1.396.750.00
Carapebus ;Aipim;Olerícolas Raízes;2019;10;64;10;1.0477;6.4;67.050.00
Cardoso Moreira ;Aipim;Olerícolas Raízes;2019;8;105.4;9.9;0.8995;10.65;94.810.00
Carmo ;Aipim;Olerícolas Raízes;2019;6;166.4;13.6;0.9214;12.24;153.320.00
Casimiro de Abreu ;Aipim;Olerícolas Raízes;2019;101;2.273.00;124;1.0832;18.33;2.462.100.00
Comendador Levy Gasparian ;Aipim;Olerícolas Raízes;2019;3;77.43;6;1.4364;12.91;111.219.80
Conceição de Macabu ;Aipim;Olerícolas Raízes;2019;28;102;10.7;1.8855;9.53;192.320.00
Cordeiro ;Aipim;Olerícolas Raízes;2019;10;260;17;1.5808;15.29;411.000.00
Duas Barras ;Aipim;Olerícolas Raízes;2019;55;683;40.7;1.0592;16.78;723.450.00
Duque de Caxias ;Aipim;Olerícolas Raízes;2019;20;4.990.00;299;2.0505;16.69;10.232.000.00
Guapimirim ;Aipim;Olerícolas Raízes;2019;63;3.524.00;281;1.404;12.54;4.947.750.00
Iguaba Grande ;Aipim;Olerícolas Raízes;2019;21;238;23.2;1.2118;10.26;288.400.00
Itaboraí ;Aipim;Olerícolas Raízes;2019;42;329.9;28.1;0.9324;11.74;307.585.00
Itaguaí ;Aipim;Olerícolas Raízes;2019;12;460;35;1.5307;13.14;704.100.00
Italva ;Aipim;Olerícolas Raízes;2019;35;284;32.1;0.9956;8.85;282.740.00
Itaocara ;Aipim;Olerícolas Raízes;2019;17;132;13;1.1031;10.15;145.610.00
Itaperuna ;Aipim;Olerícolas Raízes;2019;30;147.9;19.2;1.0241;7.7;151.460.00
Japeri ;Aipim;Olerícolas Raízes;2019;253;4.614.00;355.1;1.71;12.99;7.889.870.00
Laje do Muriae ;Aipim;Olerícolas Raízes;2019;2;25.5;1.6;1.8784;15.94;47.900.00
Macaé ;Aipim;Olerícolas Raízes;2019;30;38;4.7;1.1276;8.09;42.850.00
Magé ;Aipim;Olerícolas Raízes;2019;154;4.494.00;284;1.769;15.82;7.949.850.00
Mangaratiba ;Aipim;Olerícolas Raízes;2019;44;349;33;1.5521;10.58;541.700.00
Maricá ;Aipim;Olerícolas Raízes;2019;20;44.93;3.75;0.7766;11.98;34.894.00
Mendes ;Aipim;Olerícolas Raízes;2019;9;74.25;5.25;2.943;14.14;218.516.00
Natividade ;Aipim;Olerícolas Raízes;2019;10;98.47;7.49;1.4045;13.15;138.300.00
Niterói ;Aipim;Olerícolas Raízes;2019;7;57.4;4;1.5844;14.35;90.944.00
Nova Friburgo ;Aipim;Olerícolas Raízes;2019;72;584.2;36.55;1.3356;15.98;780.270.00
Nova Iguaçu ;Aipim;Olerícolas Raízes;2019;256;2.319.00;184;1.6558;12.6;3.839.840.00
Paracambi ;Aipim;Olerícolas Raízes;2019;20;106.5;10;2.0798;10.65;221.500.00
Paraíba do Sul ;Aipim;Olerícolas Raízes;2019;12;37.73;2.86;1.4478;13.19;54.627.30
Paraty ;Aipim;Olerícolas Raízes;2019;25;459.6;40;4.4977;11.49;2.067.150.00
Paty do Alferes ;Aipim;Olerícolas Raízes;2019;17;101.77;8.2;1.1923;12.41;121.341.90
Petrópolis ;Aipim;Olerícolas Raízes;2019;19;193;11.2;1.2702;17.23;245.150.00
Pinheiral ;Aipim;Olerícolas Raízes;2019;6;108.45;6.45;1.4314;16.81;155.230.00
Piraí ;Aipim;Olerícolas Raízes;2019;5;268.32;17.61;1.3974;15.24;374.952.50
Porto Real ;Aipim;Olerícolas Raízes;2019;4;74;10.5;2.2399;7.05;165.750.00
Quatis ;Aipim;Olerícolas Raízes;2019;3;32;5.5;2.2016;5.82;70.450.00
Queimados ;Aipim;Olerícolas Raízes;2019;104;1.268.00;90.6;1.5204;14;1.927.920.00
Quissamã ;Aipim;Olerícolas Raízes;2019;50;3.465.00;318;2.3552;10.9;8.160.750.00
Rio Bonito ;Aipim;Olerícolas Raízes;2019;149;4.452.00;310;0.8698;14.36;3.872.400.00
Rio das Ostras ;Aipim;Olerícolas Raízes;2019;7;217.6;21.9;1.4929;9.94;324.850.00
Rio de Janeiro ;Aipim;Olerícolas Raízes;2019;148;18.600.00;1.315.00;1.0559;14.14;19.639.000.00
Santa Maria Madalena ;Aipim;Olerícolas Raízes;2019;9;179.7;11.97;1.4393;15.01;258.634.80
São Francisco de Itabapoana ;Aipim;Olerícolas Raízes;2019;525;41.980.00;3.020.00;0.5124;13.9;21.509.200.00
São Gonçalo ;Aipim;Olerícolas Raízes;2019;52;755.4;49;1.5201;15.42;1.148.312.00
São João da Barra ;Aipim;Olerícolas Raízes;2019;54;748.5;52;0.7018;14.39;525.300.00
São José do Vale do Rio Preto ;Aipim;Olerícolas Raízes;2019;46;216;12;0.6204;18;134.010.00
São Pedro da Aldeia ;Aipim;Olerícolas Raízes;2019;49;708;68.4;1.2386;10.35;876.900.00
Saquarema ;Aipim;Olerícolas Raízes;2019;58;604;57;1.4272;10.6;862.000.00
Seropédica ;Aipim;Olerícolas Raízes;2019;90;1.542.00;109;1.585;14.15;2.444.080.00
Silva Jardim ;Aipim;Olerícolas Raízes;2019;188;8.070.00;800;0.6404;10.09;5.168.000.00
Sumidouro ;Aipim;Olerícolas Raízes;2019;114;3.344.00;209;0.9871;16;3.300.960.00
Tanguá ;Aipim;Olerícolas Raízes;2019;79;3.335.00;227.7;1.137;14.65;3.792.000.00
Trajano de Morais ;Aipim;Olerícolas Raízes;2019;67;1.310.00;69.1;1.3024;18.96;1.706.100.00
Três Rios ;Aipim;Olerícolas Raízes;2019;3;69.67;5.5;1.4871;12.67;103.609.10
Valença ;Aipim;Olerícolas Raízes;2019;17;640.25;49.4;2.3307;12.96;1.492.214.00
Varre-Sai ;Aipim;Olerícolas Raízes;2019;4;93.6;6.51;1.1994;14.38;112.260.00
Nova Friburgo ;Batata;Olerícolas Raízes;2019;19;170.7;9.5;1.4139;17.97;241.357.00
Petrópolis ;Batata;Olerícolas Raízes;2019;5;31;1.1;1.2645;28.18;39.200.00
Trajano de Morais ;Batata;Olerícolas Raízes;2019;20;240;11.6;1.035;20.69;248.400.00
Bom Jardim ;Batata Doce;Olerícolas Raízes;2019;403;3.570.00;255;0.9489;14;3.387.720.00
Cachoeiras de Macacu ;Batata Doce;Olerícolas Raízes;2019;90;1.338.00;116.5;0.9007;11.48;1.205.200.00
Campos dos Goytacases ;Batata Doce;Olerícolas Raízes;2019;28;84;8;0.8315;10.5;69.850.00
Casimiro de Abreu ;Batata Doce;Olerícolas Raízes;2019;4;8.54;0.7;1.9157;12.2;16.360.00
Conceição de Macabu ;Batata Doce;Olerícolas Raízes;2019;3;11.2;1;2;11.2;22.400.00
Duas Barras ;Batata Doce;Olerícolas Raízes;2019;15;132;10.5;0.9511;12.57;125.550.00
Duque de Caxias ;Batata Doce;Olerícolas Raízes;2019;8;613;56;2.5715;10.95;1.576.300.00
Guapimirim ;Batata Doce;Olerícolas Raízes;2019;5;196;20.2;1.4857;9.7;291.200.00
Iguaba Grande ;Batata Doce;Olerícolas Raízes;2019;8;33.6;7.55;3.214;4.45;107.990.00
Macaé ;Batata Doce;Olerícolas Raízes;2019;1;0.66;0.26;4.1818;2.54;2.760.00
Magé ;Batata Doce;Olerícolas Raízes;2019;54;966;80.5;1.5957;12;1.541.400.00
Nova Friburgo ;Batata Doce;Olerícolas Raízes;2019;21;216.31;15.6;1.2965;13.87;280.443.00
Queimados ;Batata Doce;Olerícolas Raízes;2019;4;17.57;1.34;1.6106;13.11;28.298.20
Rio de Janeiro ;Batata Doce;Olerícolas Raízes;2019;29;172;14.4;0.6676;11.94;114.820.00
São João da Barra ;Batata Doce;Olerícolas Raízes;2019;30;424.5;30.25;0.8186;14.03;347.505.00
São Pedro da Aldeia ;Batata Doce;Olerícolas Raízes;2019;9;64.9;12;3.0285;5.41;196.550.00
Trajano de Morais ;Batata Doce;Olerícolas Raízes;2019;74;676;48.8;1.2075;13.85;816.300.00
Barra Mansas ;Beterraba;Olerícolas Raízes;2019;1;154.65;6.21;2.0488;24.9;316.850.50
Nova Friburgo ;Beterraba;Olerícolas Raízes;2019;29;344.63;13.95;1.5493;24.7;533.922.50
Petrópolis ;Beterraba;Olerícolas Raízes;2019;52;294;9.9;1.2696;29.7;373.260.00
Rio Claro ;Beterraba;Olerícolas Raízes;2019;2;129.56;6.3;0.6273;20.57;81.269.00
Sumidouro ;Beterraba;Olerícolas Raízes;2019;42;771;48;0.9113;16.06;702.607.50
Teresópolis ;Beterraba;Olerícolas Raízes;2019;64;632.6;25.4;1.2307;24.91;778.530.00
Magé ;Cará;Olerícolas Raízes;2019;11;208;13;1.8192;16;378.400.00
Duque de Caxias ;Cenoura;Olerícolas Raízes;2019;2;15.7;0.83;2.0779;18.92;32.622.50
Nova Friburgo ;Cenoura;Olerícolas Raízes;2019;19;345.03;13.75;1.7768;25.09;613.037.50
Petrópolis ;Cenoura;Olerícolas Raízes;2019;74;162;7.05;1.5765;22.98;255.400.00
São José do Vale do Rio Preto ;Cenoura;Olerícolas Raízes;2019;79;525;21;1.4086;25;739.500.00
Sapucaia ;Cenoura;Olerícolas Raízes;2019;38;836;38;0.8684;22;726.000.00
Teresópolis ;Cenoura;Olerícolas Raízes;2019;22;375.69;13.6;1.4225;27.62;534.408.00
Bom Jardim ;Inhame;Olerícolas Raízes;2019;326;5.681.00;247;1.1065;23;6.285.900.00
Cachoeiras de Macacu ;Inhame;Olerícolas Raízes;2019;55;566;49.5;1.6106;11.43;911.600.00
Casimiro de Abreu ;Inhame;Olerícolas Raízes;2019;47;958;59;1.9965;16.24;1.912.600.00
Conceição de Macabu ;Inhame;Olerícolas Raízes;2019;1;5.3;0.3;2;17.67;10.600.00
Duas Barras ;Inhame;Olerícolas Raízes;2019;33;346;17.4;2.222;19.89;768.800.00
Duque de Caxias ;Inhame;Olerícolas Raízes;2019;4;487;48;2.5795;10.15;1.256.200.00
Guapimirim ;Inhame;Olerícolas Raízes;2019;5;149.5;12.1;2.096;12.36;313.350.00
Italva ;Inhame;Olerícolas Raízes;2019;2;36;3;1.5386;12;55.390.00
Macaé ;Inhame;Olerícolas Raízes;2019;1;0.4;0.3;3.5;1.33;1.400.00
Magé ;Inhame;Olerícolas Raízes;2019;22;415;23.5;2.1951;17.66;910.950.00
Natividade ;Inhame;Olerícolas Raízes;2019;1;7;0.6;2;11.67;14.000.00
Nova Friburgo ;Inhame;Olerícolas Raízes;2019;105;1.129.20;74.3;1.9056;15.2;2.151.750.00
Rio Claro ;Inhame;Olerícolas Raízes;2019;2;13.02;0.9;2.1466;14.47;27.949.00
Silva Jardim ;Inhame;Olerícolas Raízes;2019;4;65;5;1.1415;13;74.200.00
Sumidouro ;Inhame;Olerícolas Raízes;2019;20;440;27.5;1.3336;16;586.800.00
Trajano de Morais ;Inhame;Olerícolas Raízes;2019;50;1.024.50;57.8;2.3791;17.72;2.437.350.00
Nova Friburgo ;Nabo;Olerícolas Raízes;2019;18;225.3;9.1;2.2574;24.76;508.600.00
Miracema ;Cana Cachaça;Outras Culturas;2019;2;566.4;10.1;0.15;56.08;84.960.00
Paraíba do Sul ;Cana Cachaça;Outras Culturas;2019;7;1.155.00;16.45;0.4575;70.21;528.360.00
Paraty ;Cana Cachaça;Outras Culturas;2019;6;617.5;13.67;0.5;45.17;308.750.00
Porto Real ;Cana Cachaça;Outras Culturas;2019;3;120;3.2;0.305;37.5;36.600.00
Quatis ;Cana Cachaça;Outras Culturas;2019;6;1.175.00;23.15;0.2931;50.76;344.350.00
Resende ;Cana Cachaça;Outras Culturas;2019;4;639.5;11;0.2255;58.14;144.215.00
Rio das Flores ;Cana Cachaça;Outras Culturas;2019;4;295;4;0.12;73.75;35.400.00
Valença ;Cana Cachaça;Outras Culturas;2019;18;7.673.90;130;0.4098;59.03;3.144.669.80
Angra dos Reis ;Cana Caldo;Outras Culturas;2019;14;590;14.5;0.2398;40.69;141.500.00
Cabo Frio ;Cana Caldo;Outras Culturas;2019;6;206;5.2;0.3766;39.62;77.570.00
Campos dos Goytacases ;Cana Caldo;Outras Culturas;2019;79;1.950.00;53;0.3727;36.79;726.740.00
Duque de Caxias ;Cana Caldo;Outras Culturas;2019;10;1.568.00;51.2;1.5361;30.63;2.408.650.00
Itaguaí ;Cana Caldo;Outras Culturas;2019;15;365;30;1.5;12.17;547.500.00
Mangaratiba ;Cana Caldo;Outras Culturas;2019;20;375;11;1.1533;34.09;432.500.00
Niterói ;Cana Caldo;Outras Culturas;2019;5;168;4.2;1.1126;40;186.920.00
Paraíba do Sul ;Cana Caldo;Outras Culturas;2019;4;92.45;2.26;0.437;40.91;40.400.00
Queimados ;Cana Caldo;Outras Culturas;2019;6;292;7.32;0.3326;39.89;97.110.00
São Gonçalo ;Cana Caldo;Outras Culturas;2019;28;2.520.00;56;0.9864;45;2.485.800.00
São João da Barra ;Cana Caldo;Outras Culturas;2019;24;935;18.5;0.239;50.54;223.500.00
Seropédica ;Cana Caldo;Outras Culturas;2019;28;2.271.00;102;0.6143;22.26;1.395.100.00
Barra do Pirai ;Cana Forrageira;Outras Culturas;2019;51;5.192.00;83.5;0.1534;62.18;796.500.00
Cabo Frio ;Cana Forrageira;Outras Culturas;2019;5;1.445.00;19;0.2213;76.05;319.750.00
Carapebus ;Cana Forrageira;Outras Culturas;2019;27;595;32;0.0772;18.59;45.950.00
Cardoso Moreira ;Cana Forrageira;Outras Culturas;2019;120;513.1;19.9;0.0588;25.78;30.186.00
Carmo ;Cana Forrageira;Outras Culturas;2019;336;11.160.00;168;0.08;66.43;892.800.00
Duas Barras ;Cana Forrageira;Outras Culturas;2019;135;4.887.00;81.7;0.1043;59.82;509.940.00
Duque de Caxias ;Cana Forrageira;Outras Culturas;2019;5;2.040.00;60.5;0.151;33.72;308.000.00
Itaocara ;Cana Forrageira;Outras Culturas;2019;215;5.155.00;145;0.1152;35.55;594.100.00
Macuco ;Cana Forrageira;Outras Culturas;2019;22;320;6;0.105;53.33;33.600.00
Miracema ;Cana Forrageira;Outras Culturas;2019;320;16.827.10;293;0.09;57.43;1.514.439.00
Natividade ;Cana Forrageira;Outras Culturas;2019;200;12.110.00;200;0.05;60.55;605.500.00
Paraíba do Sul ;Cana Forrageira;Outras Culturas;2019;12;707.2;8.16;0.4552;86.67;321.912.00
Porciúncula ;Cana Forrageira;Outras Culturas;2019;230;42.800.00;665;0.1129;64.36;4.830.000.00
Porto Real ;Cana Forrageira;Outras Culturas;2019;9;310;9.5;0.2898;32.63;89.850.00
Quatis ;Cana Forrageira;Outras Culturas;2019;17;1.640.00;36;0.228;45.56;374.000.00
Resende ;Cana Forrageira;Outras Culturas;2019;132;3.773.10;71;0.26;53.14;981.006.00
Rio Claro ;Cana Forrageira;Outras Culturas;2019;60;1.003.26;22;0.55;45.6;551.793.00
Rio das Flores ;Cana Forrageira;Outras Culturas;2019;27;920;13.2;0.1;69.7;92.000.00
Santa Maria Madalena ;Cana Forrageira;Outras Culturas;2019;35;1.926.00;25.68;0.1432;75;275.842.50
São João da Barra ;Cana Forrageira;Outras Culturas;2019;49;1.685.00;33.5;0.1215;50.3;204.700.00
Valença ;Cana Forrageira;Outras Culturas;2019;22;2.946.50;48.8;0.2219;60.38;653.819.30
Miguel Pereira ;Louro;Outras Culturas;2019;15;16.1;3.95;5;4.08;80.500.00
Paty do Alferes ;Louro;Outras Culturas;2019;21;156.87;40.11;4.9177;3.91;771.438.10
Cambuci ;Mandioca;Outras Culturas;2019;56;1.035.00;79.5;1.5017;13.02;1.554.300.00
Campos dos Goytacases ;Mandioca;Outras Culturas;2019;153;913;62;0.2221;14.73;202.760.00
Macuco ;Mandioca;Outras Culturas;2019;4;38.75;1.75;1.0581;22.14;41.000.00
Miracema ;Mandioca;Outras Culturas;2019;5;204.36;11.7;1.1445;17.47;233.880.00
Porciúncula ;Mandioca;Outras Culturas;2019;13;173.5;8.2;0.2862;21.16;49.650.00
Rio Claro ;Mandioca;Outras Culturas;2019;3;225.31;18.7;1.9485;12.05;439.023.50
São Francisco de Itabapoana ;Mandioca;Outras Culturas;2019;418;73.200.00;3.750.00;0.101;19.52;7.396.000.00
Cardoso Moreira ;Milho Forrageiro;Outras Culturas;2019;12;290.72;21.35;0.3512;13.62;102.102.00
Carmo ;Milho Forrageiro;Outras Culturas;2019;2;13.072.00;302.48;0.25;43.22;3.268.000.00
Cordeiro ;Milho Forrageiro;Outras Culturas;2019;8;2.350.00;53;0.3319;44.34;780.000.00
Duas Barras ;Milho Forrageiro;Outras Culturas;2019;85;6.456.00;158.5;0.1954;40.73;1.261.350.00
Italva ;Milho Forrageiro;Outras Culturas;2019;41;2.050.20;56;0.1779;36.61;364.730.00
Itaperuna ;Milho Forrageiro;Outras Culturas;2019;65;150;60;0.65;2.5;97.500.00
Macaé ;Milho Forrageiro;Outras Culturas;2019;1;880;20;0.05;44;44.000.00
Macuco ;Milho Forrageiro;Outras Culturas;2019;15;1.132.00;30;0.249;37.73;281.850.00
Natividade ;Milho Forrageiro;Outras Culturas;2019;8;760;42;0.18;18.1;136.800.00
Paraíba do Sul ;Milho Forrageiro;Outras Culturas;2019;10;2.260.00;53.11;0.5237;42.55;1.183.520.00
Porciúncula ;Milho Forrageiro;Outras Culturas;2019;27;4.870.00;144;0.3349;33.82;1.631.000.00
Porto Real ;Milho Forrageiro;Outras Culturas;2019;7;225;9;0.2667;25;60.000.00
Quatis ;Milho Forrageiro;Outras Culturas;2019;6;160;8;0.3531;20;56.500.00
Resende ;Milho Forrageiro;Outras Culturas;2019;10;2.657.00;58;0.1762;45.81;468.150.00
Rio das Flores ;Milho Forrageiro;Outras Culturas;2019;17;2.881.00;64.5;0.1731;44.67;498.780.00
Angra dos Reis ;Palmito;Outras Culturas;2019;109;495.5;98;20;5.06;9.910.000.00
Cachoeiras de Macacu ;Palmito;Outras Culturas;2019;15;69;55.5;5.1522;1.24;355.500.00
Guapimirim ;Palmito;Outras Culturas;2019;12;33.6;19.3;8.8006;1.74;295.700.00
Magé ;Palmito;Outras Culturas;2019;22;89.1;28.5;13.0017;3.13;1.158.450.00
Mangaratiba ;Palmito;Outras Culturas;2019;20;50;25;15.96;2;798.000.00
Paraty ;Palmito;Outras Culturas;2019;100;758;130;20.3478;5.83;15.423.600.00
Rio Claro ;Palmito;Outras Culturas;2019;1;8.3;2.8;5.6988;2.96;47.300.00
Saquarema ;Palmito;Outras Culturas;2019;4;18.9;4;26.5873;4.73;502.500.00
Silva Jardim ;Palmito;Outras Culturas;2019;10;489;125;7.8487;3.91;3.838.000.00
Valença ;Palmito;Outras Culturas;2019;6;37.55;8.5;17.7606;4.42;666.910.00
Vassouras ;Palmito;Outras Culturas;2019;2;69.5;12.3;12.0899;5.65;840.250.00
